regime,tokenizer,model,mode,domain,split,embedding_dim,fit_strategy,num_seeds,num_problems,solved_rate_mean,solved_rate_std,exec_rate_mean,exec_rate_std,avg_plan_len_mean,avg_plan_len_std
domain_dependent,wl,lstm,state,blocks,validation,172,domain_specific,3,3,0.4444444444444444,0.15713484026367722,1.0,0.0,62.88888888888889,9.878271453730164
domain_dependent,wl,lstm,state,blocks,test-interpolation,172,domain_specific,3,3,1.0,0.0,1.0,0.0,29.555555555555557,11.85509214964368
domain_dependent,wl,lstm,state,blocks,test-extrapolation,172,domain_specific,3,20,0.08333333333333334,0.023570226039551587,1.0,0.0,120.6,1.7204650534085206
domain_dependent,wl,lstm,state,gripper,validation,302,domain_specific,3,2,1.0,0.0,1.0,0.0,30.666666666666668,1.699673171197595
domain_dependent,wl,lstm,state,gripper,test-interpolation,302,domain_specific,3,3,1.0,0.0,1.0,0.0,17.88888888888889,2.199887763691482
domain_dependent,wl,lstm,state,gripper,test-extrapolation,302,domain_specific,3,16,0.5416666666666666,0.3280836614171588,1.0,0.0,163.91666666666666,79.65443486118997
domain_dependent,wl,lstm,state,logistics,validation,552,domain_specific,3,4,0.0,0.0,1.0,0.0,150.0,0.0
domain_dependent,wl,lstm,state,logistics,test-interpolation,552,domain_specific,3,9,0.48148148148148145,0.37770514915502107,1.0,0.0,91.88888888888889,32.0144000521576
domain_dependent,wl,lstm,state,logistics,test-extrapolation,552,domain_specific,3,18,0.0,0.0,1.0,0.0,293.3333333333333,0.0
domain_dependent,wl,lstm,state,visitall-from-everywhere,validation,138,domain_specific,3,24,0.75,0.14829275350043492,1.0,0.0,35.27777777777778,15.133294073207356
domain_dependent,wl,lstm,state,visitall-from-everywhere,test-interpolation,138,domain_specific,3,37,1.0,0.0,1.0,0.0,9.72072072072072,0.7510509910150027
domain_dependent,wl,lstm,state,visitall-from-everywhere,test-extrapolation,138,domain_specific,3,219,0.4170471841704718,0.3738967393374553,1.0,0.0,273.5905631659056,118.49905372563839
domain_dependent,wl,lstm,delta,blocks,validation,172,domain_specific,3,3,0.4444444444444444,0.15713484026367722,1.0,0.0,72.22222222222223,1.1331154474650602
domain_dependent,wl,lstm,delta,blocks,test-interpolation,172,domain_specific,3,3,1.0,0.0,1.0,0.0,14.666666666666666,0.5443310539518176
domain_dependent,wl,lstm,delta,blocks,test-extrapolation,172,domain_specific,3,20,0.26666666666666666,0.14337208778404378,1.0,0.0,102.86666666666666,8.54959388249264
domain_dependent,wl,lstm,delta,gripper,validation,302,domain_specific,3,2,0.0,0.0,1.0,0.0,135.0,0.0
domain_dependent,wl,lstm,delta,gripper,test-interpolation,302,domain_specific,3,3,0.4444444444444444,0.15713484026367722,1.0,0.0,80.0,1.1863420280034822
domain_dependent,wl,lstm,delta,gripper,test-extrapolation,302,domain_specific,3,16,0.0,0.0,1.0,0.0,286.8333333333333,26.332278459884343
domain_dependent,wl,lstm,delta,logistics,validation,552,domain_specific,3,4,0.0,0.0,1.0,0.0,150.0,0.0
domain_dependent,wl,lstm,delta,logistics,test-interpolation,552,domain_specific,3,9,0.3333333333333333,0.0,1.0,0.0,99.4074074074074,0.8811390558052048
domain_dependent,wl,lstm,delta,logistics,test-extrapolation,552,domain_specific,3,18,0.0,0.0,1.0,0.0,293.3333333333333,0.0
domain_dependent,wl,lstm,delta,visitall-from-everywhere,validation,138,domain_specific,3,24,0.9722222222222222,0.039283710065919325,1.0,0.0,21.375,0.1360827634879553
domain_dependent,wl,lstm,delta,visitall-from-everywhere,test-interpolation,138,domain_specific,3,37,1.0,0.0,1.0,0.0,8.621621621621621,0.21281102362194118
domain_dependent,wl,lstm,delta,visitall-from-everywhere,test-extrapolation,138,domain_specific,3,219,0.9467275494672754,0.010762660292032713,1.0,0.0,78.5433789954338,0.42004168855068935
domain_dependent,wl,xgboost,state,blocks,validation,172,domain_specific,3,3,1.0,0.0,1.0,0.0,19.333333333333332,0.0
domain_dependent,wl,xgboost,state,blocks,test-interpolation,172,domain_specific,3,3,1.0,0.0,1.0,0.0,12.666666666666666,0.0
domain_dependent,wl,xgboost,state,blocks,test-extrapolation,172,domain_specific,3,20,0.2,0.0,1.0,0.0,114.8,0.0
domain_dependent,wl,xgboost,state,gripper,validation,302,domain_specific,3,2,0.0,0.0,1.0,0.0,124.5,0.0
domain_dependent,wl,xgboost,state,gripper,test-interpolation,302,domain_specific,3,3,0.6666666666666666,0.0,1.0,0.0,45.0,0.0
domain_dependent,wl,xgboost,state,gripper,test-extrapolation,302,domain_specific,3,16,0.0,0.0,1.0,0.0,310.0,0.0
domain_dependent,wl,xgboost,state,logistics,validation,552,domain_specific,3,4,0.0,0.0,1.0,0.0,150.0,0.0
domain_dependent,wl,xgboost,state,logistics,test-interpolation,552,domain_specific,3,9,0.1111111111111111,0.0,1.0,0.0,121.44444444444444,0.0
domain_dependent,wl,xgboost,state,logistics,test-extrapolation,552,domain_specific,3,18,0.0,0.0,1.0,0.0,293.3333333333333,0.0
domain_dependent,wl,xgboost,state,visitall-from-everywhere,validation,138,domain_specific,3,24,1.0,0.0,1.0,0.0,19.125,0.0
domain_dependent,wl,xgboost,state,visitall-from-everywhere,test-interpolation,138,domain_specific,3,37,1.0,0.0,1.0,0.0,8.81081081081081,0.0
domain_dependent,wl,xgboost,state,visitall-from-everywhere,test-extrapolation,138,domain_specific,3,219,0.1963470319634703,0.0,1.0,0.0,392.81278538812785,0.0
domain_dependent,wl,xgboost,delta,blocks,validation,172,domain_specific,3,3,0.6666666666666666,0.0,1.0,0.0,44.666666666666664,0.0
domain_dependent,wl,xgboost,delta,blocks,test-interpolation,172,domain_specific,3,3,1.0,0.0,1.0,0.0,12.666666666666666,0.0
domain_dependent,wl,xgboost,delta,blocks,test-extrapolation,172,domain_specific,3,20,0.7,0.0,1.0,0.0,71.8,0.0
domain_dependent,wl,xgboost,delta,gripper,validation,302,domain_specific,3,2,1.0,0.0,1.0,0.0,47.0,0.0
domain_dependent,wl,xgboost,delta,gripper,test-interpolation,302,domain_specific,3,3,1.0,0.0,1.0,0.0,29.0,0.0
domain_dependent,wl,xgboost,delta,gripper,test-extrapolation,302,domain_specific,3,16,1.0,0.0,1.0,0.0,117.0,0.0
domain_dependent,wl,xgboost,delta,logistics,validation,552,domain_specific,3,4,0.0,0.0,1.0,0.0,150.0,0.0
domain_dependent,wl,xgboost,delta,logistics,test-interpolation,552,domain_specific,3,9,0.2222222222222222,0.0,1.0,0.0,122.55555555555556,0.0
domain_dependent,wl,xgboost,delta,logistics,test-extrapolation,552,domain_specific,3,18,0.0,0.0,1.0,0.0,293.3333333333333,0.0
domain_dependent,wl,xgboost,delta,visitall-from-everywhere,validation,138,domain_specific,3,24,1.0,0.0,1.0,0.0,18.833333333333332,0.0
domain_dependent,wl,xgboost,delta,visitall-from-everywhere,test-interpolation,138,domain_specific,3,37,1.0,0.0,1.0,0.0,8.783783783783784,0.0
domain_dependent,wl,xgboost,delta,visitall-from-everywhere,test-extrapolation,138,domain_specific,3,219,1.0,0.0,1.0,0.0,61.21917808219178,0.0
domain_dependent,simhash,lstm,state,blocks,validation,128,domain_specific,3,3,0.0,0.0,1.0,0.0,96.22222222222223,5.342584568965024
domain_dependent,simhash,lstm,state,blocks,test-interpolation,128,domain_specific,3,3,0.1111111111111111,0.15713484026367722,1.0,0.0,48.666666666666664,23.557651898331525
domain_dependent,simhash,lstm,state,blocks,test-extrapolation,128,domain_specific,3,20,0.0,0.0,1.0,0.0,124.83333333333333,0.23570226039551584
domain_dependent,simhash,lstm,state,gripper,validation,128,domain_specific,3,2,0.0,0.0,1.0,0.0,135.0,0.0
domain_dependent,simhash,lstm,state,gripper,test-interpolation,128,domain_specific,3,3,1.0,0.0,1.0,0.0,20.77777777777778,0.31426968052735504
domain_dependent,simhash,lstm,state,gripper,test-extrapolation,128,domain_specific,3,16,0.5,0.0,1.0,0.0,209.54166666666666,1.1195857368787003
domain_dependent,simhash,lstm,state,logistics,validation,128,domain_specific,3,4,0.0,0.0,1.0,0.0,150.0,0.0
domain_dependent,simhash,lstm,state,logistics,test-interpolation,128,domain_specific,3,9,0.25925925925925924,0.05237828008789241,1.0,0.0,112.66666666666667,2.282515398241572
domain_dependent,simhash,lstm,state,logistics,test-extrapolation,128,domain_specific,3,18,0.0,0.0,1.0,0.0,293.3333333333333,0.0
domain_dependent,simhash,lstm,state,visitall-from-everywhere,validation,128,domain_specific,3,24,0.8194444444444444,0.01964185503295969,1.0,0.0,41.59722222222222,0.3943074879605118
domain_dependent,simhash,lstm,state,visitall-from-everywhere,test-interpolation,128,domain_specific,3,37,0.954954954954955,0.012740662724081964,1.0,0.0,14.072072072072071,0.3253237853201407
domain_dependent,simhash,lstm,state,visitall-from-everywhere,test-extrapolation,128,domain_specific,3,219,0.3302891933028919,0.004305064116813075,1.0,0.0,406.4094368340944,3.909647124174102
domain_dependent,simhash,lstm,delta,blocks,validation,128,domain_specific,3,3,0.0,0.0,1.0,0.0,100.0,0.0
domain_dependent,simhash,lstm,delta,blocks,test-interpolation,128,domain_specific,3,3,0.0,0.0,1.0,0.0,34.44444444444444,6.718318425702656
domain_dependent,simhash,lstm,delta,blocks,test-extrapolation,128,domain_specific,3,20,0.0,0.0,1.0,0.0,123.43333333333334,0.5185449728701322
domain_dependent,simhash,lstm,delta,gripper,validation,128,domain_specific,3,2,0.0,0.0,1.0,0.0,127.0,5.887840577551898
domain_dependent,simhash,lstm,delta,gripper,test-interpolation,128,domain_specific,3,3,0.0,0.0,1.0,0.0,77.77777777777779,4.878777422244479
domain_dependent,simhash,lstm,delta,gripper,test-extrapolation,128,domain_specific,3,16,0.8125,0.0,1.0,0.0,146.3125,0.0
domain_dependent,simhash,lstm,delta,logistics,validation,128,domain_specific,3,4,0.0,0.0,1.0,0.0,150.0,0.0
domain_dependent,simhash,lstm,delta,logistics,test-interpolation,128,domain_specific,3,9,0.037037037037037035,0.05237828008789241,1.0,0.0,130.07407407407408,4.879058579278119
domain_dependent,simhash,lstm,delta,logistics,test-extrapolation,128,domain_specific,3,18,0.0,0.0,1.0,0.0,293.3333333333333,0.0
domain_dependent,simhash,lstm,delta,visitall-from-everywhere,validation,128,domain_specific,3,24,0.4722222222222222,0.0392837100659193,1.0,0.0,107.125,0.9147707666708396
domain_dependent,simhash,lstm,delta,visitall-from-everywhere,test-interpolation,128,domain_specific,3,37,0.8198198198198199,0.012740662724081912,1.0,0.0,24.82882882882883,0.2660328479321334
domain_dependent,simhash,lstm,delta,visitall-from-everywhere,test-extrapolation,128,domain_specific,3,219,0.1095890410958904,0.0037282948900809404,1.0,0.0,449.29680365296804,3.9306361147005755
domain_dependent,simhash,xgboost,state,blocks,validation,128,domain_specific,3,3,0.0,0.0,1.0,0.0,100.0,0.0
domain_dependent,simhash,xgboost,state,blocks,test-interpolation,128,domain_specific,3,3,0.0,0.0,1.0,0.0,100.0,0.0
domain_dependent,simhash,xgboost,state,blocks,test-extrapolation,128,domain_specific,3,20,0.0,0.0,1.0,0.0,125.0,0.0
domain_dependent,simhash,xgboost,state,gripper,validation,128,domain_specific,3,2,0.0,0.0,1.0,0.0,135.0,0.0
domain_dependent,simhash,xgboost,state,gripper,test-interpolation,128,domain_specific,3,3,1.0,0.0,1.0,0.0,19.0,0.0
domain_dependent,simhash,xgboost,state,gripper,test-extrapolation,128,domain_specific,3,16,0.4375,0.0,1.0,0.0,214.8125,0.0
domain_dependent,simhash,xgboost,state,logistics,validation,128,domain_specific,3,4,0.0,0.0,1.0,0.0,150.0,0.0
domain_dependent,simhash,xgboost,state,logistics,test-interpolation,128,domain_specific,3,9,0.3333333333333333,0.0,1.0,0.0,115.77777777777777,0.0
domain_dependent,simhash,xgboost,state,logistics,test-extrapolation,128,domain_specific,3,18,0.0,0.0,1.0,0.0,293.3333333333333,0.0
domain_dependent,simhash,xgboost,state,visitall-from-everywhere,validation,128,domain_specific,3,24,0.625,0.0,1.0,0.0,35.666666666666664,0.0
domain_dependent,simhash,xgboost,state,visitall-from-everywhere,test-interpolation,128,domain_specific,3,37,0.8918918918918919,0.0,1.0,0.0,13.108108108108109,0.0
domain_dependent,simhash,xgboost,state,visitall-from-everywhere,test-extrapolation,128,domain_specific,3,219,0.3013698630136986,0.0,1.0,0.0,410.1689497716895,0.0
domain_dependent,simhash,xgboost,delta,blocks,validation,128,domain_specific,3,3,0.0,0.0,1.0,0.0,100.0,0.0
domain_dependent,simhash,xgboost,delta,blocks,test-interpolation,128,domain_specific,3,3,0.0,0.0,1.0,0.0,28.0,0.0
domain_dependent,simhash,xgboost,delta,blocks,test-extrapolation,128,domain_specific,3,20,0.0,0.0,1.0,0.0,118.6,0.0
domain_dependent,simhash,xgboost,delta,gripper,validation,128,domain_specific,3,2,0.0,0.0,1.0,0.0,135.0,0.0
domain_dependent,simhash,xgboost,delta,gripper,test-interpolation,128,domain_specific,3,3,0.0,0.0,1.0,0.0,90.0,0.0
domain_dependent,simhash,xgboost,delta,gripper,test-extrapolation,128,domain_specific,3,16,0.8125,0.0,1.0,0.0,144.6875,0.0
domain_dependent,simhash,xgboost,delta,logistics,validation,128,domain_specific,3,4,0.0,0.0,1.0,0.0,150.0,0.0
domain_dependent,simhash,xgboost,delta,logistics,test-interpolation,128,domain_specific,3,9,0.1111111111111111,0.0,1.0,0.0,123.0,0.0
domain_dependent,simhash,xgboost,delta,logistics,test-extrapolation,128,domain_specific,3,18,0.0,0.0,1.0,0.0,293.3333333333333,0.0
domain_dependent,simhash,xgboost,delta,visitall-from-everywhere,validation,128,domain_specific,3,24,0.4166666666666667,0.0,1.0,0.0,110.41666666666667,0.0
domain_dependent,simhash,xgboost,delta,visitall-from-everywhere,test-interpolation,128,domain_specific,3,37,0.8108108108108109,0.0,1.0,0.0,24.54054054054054,0.0
domain_dependent,simhash,xgboost,delta,visitall-from-everywhere,test-extrapolation,128,domain_specific,3,219,0.1187214611872146,0.0,1.0,0.0,458.6392694063927,0.0
domain_dependent,shortest_path,lstm,state,blocks,validation,30,domain_specific,3,3,0.0,0.0,1.0,0.0,71.55555555555556,40.22651910750137
domain_dependent,shortest_path,lstm,state,blocks,test-interpolation,30,domain_specific,3,3,0.0,0.0,1.0,0.0,12.222222222222221,1.3698697784375504
domain_dependent,shortest_path,lstm,state,blocks,test-extrapolation,30,domain_specific,3,20,0.0,0.0,1.0,0.0,121.36666666666666,5.138309276622248
domain_dependent,shortest_path,lstm,state,gripper,validation,28,domain_specific,3,2,0.0,0.0,1.0,0.0,135.0,0.0
domain_dependent,shortest_path,lstm,state,gripper,test-interpolation,28,domain_specific,3,3,0.7777777777777778,0.15713484026367724,1.0,0.0,38.55555555555556,12.887930998888022
domain_dependent,shortest_path,lstm,state,gripper,test-extrapolation,28,domain_specific,3,16,0.0,0.0,1.0,0.0,310.0,0.0
domain_dependent,shortest_path,lstm,state,logistics,validation,32,domain_specific,3,4,0.0,0.0,1.0,0.0,150.0,0.0
domain_dependent,shortest_path,lstm,state,logistics,test-interpolation,32,domain_specific,3,9,0.2222222222222222,0.0,1.0,0.0,112.18518518518519,0.1047565601757811
domain_dependent,shortest_path,lstm,state,logistics,test-extrapolation,32,domain_specific,3,18,0.0,0.0,1.0,0.0,293.3333333333333,0.0
domain_dependent,shortest_path,lstm,state,visitall-from-everywhere,validation,27,domain_specific,3,24,1.0,0.0,1.0,0.0,19.291666666666668,0.0
domain_dependent,shortest_path,lstm,state,visitall-from-everywhere,test-interpolation,27,domain_specific,3,37,1.0,0.0,1.0,0.0,9.135135135135135,0.0
domain_dependent,shortest_path,lstm,state,visitall-from-everywhere,test-extrapolation,27,domain_specific,3,219,1.0,0.0,1.0,0.0,61.68036529680365,0.0
domain_dependent,shortest_path,lstm,delta,blocks,validation,30,domain_specific,3,3,0.0,0.0,1.0,0.0,16.0,0.5443310539518176
domain_dependent,shortest_path,lstm,delta,blocks,test-interpolation,30,domain_specific,3,3,0.0,0.0,1.0,0.0,11.777777777777779,0.6285393610547083
domain_dependent,shortest_path,lstm,delta,blocks,test-extrapolation,30,domain_specific,3,20,0.0,0.0,1.0,0.0,55.666666666666664,9.216772151295096
domain_dependent,shortest_path,lstm,delta,gripper,validation,28,domain_specific,3,2,1.0,0.0,1.0,0.0,30.333333333333332,2.6246692913372702
domain_dependent,shortest_path,lstm,delta,gripper,test-interpolation,28,domain_specific,3,3,0.8888888888888888,0.15713484026367724,1.0,0.0,15.88888888888889,1.1331154474650629
domain_dependent,shortest_path,lstm,delta,gripper,test-extrapolation,28,domain_specific,3,16,0.125,0.08838834764831845,1.0,0.0,225.27083333333334,53.180959089905684
domain_dependent,shortest_path,lstm,delta,logistics,validation,32,domain_specific,3,4,0.0,0.0,1.0,0.0,150.0,0.0
domain_dependent,shortest_path,lstm,delta,logistics,test-interpolation,32,domain_specific,3,9,0.18518518518518517,0.05237828008789241,1.0,0.0,115.4074074074074,4.862160380584896
domain_dependent,shortest_path,lstm,delta,logistics,test-extrapolation,32,domain_specific,3,18,0.0,0.0,1.0,0.0,293.3333333333333,0.0
domain_dependent,shortest_path,lstm,delta,visitall-from-everywhere,validation,27,domain_specific,3,24,1.0,0.0,1.0,0.0,19.166666666666664,0.4714045207910317
domain_dependent,shortest_path,lstm,delta,visitall-from-everywhere,test-interpolation,27,domain_specific,3,37,1.0,0.0,1.0,0.0,8.63963963963964,0.10885627003238396
domain_dependent,shortest_path,lstm,delta,visitall-from-everywhere,test-extrapolation,27,domain_specific,3,219,0.9954337899543378,0.006457596175219638,1.0,0.0,67.06392694063926,7.939651481681251
domain_dependent,shortest_path,xgboost,state,blocks,validation,30,domain_specific,3,3,0.0,0.0,1.0,0.0,13.333333333333334,0.0
domain_dependent,shortest_path,xgboost,state,blocks,test-interpolation,30,domain_specific,3,3,0.0,0.0,1.0,0.0,14.0,0.0
domain_dependent,shortest_path,xgboost,state,blocks,test-extrapolation,30,domain_specific,3,20,0.0,0.0,1.0,0.0,125.0,0.0
domain_dependent,shortest_path,xgboost,state,gripper,validation,28,domain_specific,3,2,0.5,0.0,1.0,0.0,87.5,0.0
domain_dependent,shortest_path,xgboost,state,gripper,test-interpolation,28,domain_specific,3,3,1.0,0.0,1.0,0.0,19.0,0.0
domain_dependent,shortest_path,xgboost,state,gripper,test-extrapolation,28,domain_specific,3,16,0.0,0.0,1.0,0.0,310.0,0.0
domain_dependent,shortest_path,xgboost,state,logistics,validation,32,domain_specific,3,4,0.0,0.0,1.0,0.0,150.0,0.0
domain_dependent,shortest_path,xgboost,state,logistics,test-interpolation,32,domain_specific,3,9,0.2222222222222222,0.0,1.0,0.0,112.0,0.0
domain_dependent,shortest_path,xgboost,state,logistics,test-extrapolation,32,domain_specific,3,18,0.0,0.0,1.0,0.0,293.3333333333333,0.0
domain_dependent,shortest_path,xgboost,state,visitall-from-everywhere,validation,27,domain_specific,3,24,1.0,0.0,1.0,0.0,19.291666666666668,0.0
domain_dependent,shortest_path,xgboost,state,visitall-from-everywhere,test-interpolation,27,domain_specific,3,37,1.0,0.0,1.0,0.0,9.18918918918919,0.0
domain_dependent,shortest_path,xgboost,state,visitall-from-everywhere,test-extrapolation,27,domain_specific,3,219,0.9497716894977168,0.0,1.0,0.0,71.63013698630137,0.0
domain_dependent,shortest_path,xgboost,delta,blocks,validation,30,domain_specific,3,3,0.0,0.0,1.0,0.0,45.333333333333336,0.0
domain_dependent,shortest_path,xgboost,delta,blocks,test-interpolation,30,domain_specific,3,3,0.0,0.0,1.0,0.0,26.0,0.0
domain_dependent,shortest_path,xgboost,delta,blocks,test-extrapolation,30,domain_specific,3,20,0.0,0.0,1.0,0.0,64.2,0.0
domain_dependent,shortest_path,xgboost,delta,gripper,validation,28,domain_specific,3,2,0.0,0.0,1.0,0.0,135.0,0.0
domain_dependent,shortest_path,xgboost,delta,gripper,test-interpolation,28,domain_specific,3,3,0.0,0.0,1.0,0.0,92.0,0.0
domain_dependent,shortest_path,xgboost,delta,gripper,test-extrapolation,28,domain_specific,3,16,0.0,0.0,1.0,0.0,310.0,0.0
domain_dependent,shortest_path,xgboost,delta,logistics,validation,32,domain_specific,3,4,0.0,0.0,1.0,0.0,150.0,0.0
domain_dependent,shortest_path,xgboost,delta,logistics,test-interpolation,32,domain_specific,3,9,0.1111111111111111,0.0,1.0,0.0,132.11111111111111,0.0
domain_dependent,shortest_path,xgboost,delta,logistics,test-extrapolation,32,domain_specific,3,18,0.0,0.0,1.0,0.0,293.3333333333333,0.0
domain_dependent,shortest_path,xgboost,delta,visitall-from-everywhere,validation,27,domain_specific,3,24,1.0,0.0,1.0,0.0,18.833333333333332,0.0
domain_dependent,shortest_path,xgboost,delta,visitall-from-everywhere,test-interpolation,27,domain_specific,3,37,1.0,0.0,1.0,0.0,8.513513513513514,0.0
domain_dependent,shortest_path,xgboost,delta,visitall-from-everywhere,test-extrapolation,27,domain_specific,3,219,1.0,0.0,1.0,0.0,61.25114155251141,0.0
domain_dependent,graphbpe,lstm,state,blocks,validation,84,domain_specific,3,3,0.0,0.0,1.0,0.0,100.0,0.0
domain_dependent,graphbpe,lstm,state,blocks,test-interpolation,84,domain_specific,3,3,0.3333333333333333,0.2721655269759087,1.0,0.0,69.77777777777777,5.45237517617124
domain_dependent,graphbpe,lstm,state,blocks,test-extrapolation,84,domain_specific,3,20,0.0,0.0,1.0,0.0,125.0,0.0
domain_dependent,graphbpe,lstm,state,gripper,validation,58,domain_specific,3,2,1.0,0.0,1.0,0.0,39.0,0.0
domain_dependent,graphbpe,lstm,state,gripper,test-interpolation,58,domain_specific,3,3,1.0,0.0,1.0,0.0,21.0,0.0
domain_dependent,graphbpe,lstm,state,gripper,test-extrapolation,58,domain_specific,3,16,1.0,0.0,1.0,0.0,109.0,0.0
domain_dependent,graphbpe,lstm,state,logistics,validation,102,domain_specific,3,4,0.0,0.0,1.0,0.0,150.0,0.0
domain_dependent,graphbpe,lstm,state,logistics,test-interpolation,102,domain_specific,3,9,0.1111111111111111,0.0,1.0,0.0,124.66666666666667,0.0
domain_dependent,graphbpe,lstm,state,logistics,test-extrapolation,102,domain_specific,3,18,0.0,0.0,1.0,0.0,293.3333333333333,0.0
domain_dependent,graphbpe,lstm,state,visitall-from-everywhere,validation,104,domain_specific,3,24,0.5416666666666666,0.0,1.0,0.0,101.58333333333333,0.0
domain_dependent,graphbpe,lstm,state,visitall-from-everywhere,test-interpolation,104,domain_specific,3,37,0.7567567567567568,0.0,1.0,0.0,21.0,0.0
domain_dependent,graphbpe,lstm,state,visitall-from-everywhere,test-extrapolation,104,domain_specific,3,219,0.0958904109589041,0.0,1.0,0.0,460.56164383561645,0.0
domain_dependent,graphbpe,lstm,delta,blocks,validation,84,domain_specific,3,3,0.0,0.0,1.0,0.0,100.0,0.0
domain_dependent,graphbpe,lstm,delta,blocks,test-interpolation,84,domain_specific,3,3,0.1111111111111111,0.15713484026367722,1.0,0.0,64.66666666666666,24.60954346650156
domain_dependent,graphbpe,lstm,delta,blocks,test-extrapolation,84,domain_specific,3,20,0.0,0.0,1.0,0.0,118.33333333333333,5.239168721170266
domain_dependent,graphbpe,lstm,delta,gripper,validation,58,domain_specific,3,2,1.0,0.0,1.0,0.0,39.0,0.0
domain_dependent,graphbpe,lstm,delta,gripper,test-interpolation,58,domain_specific,3,3,1.0,0.0,1.0,0.0,21.0,0.0
domain_dependent,graphbpe,lstm,delta,gripper,test-extrapolation,58,domain_specific,3,16,1.0,0.0,1.0,0.0,109.0,0.0
domain_dependent,graphbpe,lstm,delta,logistics,validation,102,domain_specific,3,4,0.0,0.0,1.0,0.0,150.0,0.0
domain_dependent,graphbpe,lstm,delta,logistics,test-interpolation,102,domain_specific,3,9,0.1111111111111111,0.0,1.0,0.0,124.66666666666667,0.0
domain_dependent,graphbpe,lstm,delta,logistics,test-extrapolation,102,domain_specific,3,18,0.0,0.0,1.0,0.0,293.3333333333333,0.0
domain_dependent,graphbpe,lstm,delta,visitall-from-everywhere,validation,104,domain_specific,3,24,0.5416666666666666,0.0,1.0,0.0,101.58333333333333,0.0
domain_dependent,graphbpe,lstm,delta,visitall-from-everywhere,test-interpolation,104,domain_specific,3,37,0.7567567567567568,0.0,1.0,0.0,21.0,0.0
domain_dependent,graphbpe,lstm,delta,visitall-from-everywhere,test-extrapolation,104,domain_specific,3,219,0.0958904109589041,0.0,1.0,0.0,460.56164383561645,0.0
domain_dependent,graphbpe,xgboost,state,blocks,validation,84,domain_specific,3,3,0.0,0.0,1.0,0.0,100.0,0.0
domain_dependent,graphbpe,xgboost,state,blocks,test-interpolation,84,domain_specific,3,3,0.0,0.0,1.0,0.0,99.33333333333333,0.9428090415820634
domain_dependent,graphbpe,xgboost,state,blocks,test-extrapolation,84,domain_specific,3,20,0.0,0.0,1.0,0.0,125.0,0.0
domain_dependent,graphbpe,xgboost,state,gripper,validation,58,domain_specific,3,2,1.0,0.0,1.0,0.0,37.0,0.0
domain_dependent,graphbpe,xgboost,state,gripper,test-interpolation,58,domain_specific,3,3,1.0,0.0,1.0,0.0,19.0,0.0
domain_dependent,graphbpe,xgboost,state,gripper,test-extrapolation,58,domain_specific,3,16,1.0,0.0,1.0,0.0,107.0,0.0
domain_dependent,graphbpe,xgboost,state,logistics,validation,102,domain_specific,3,4,0.0,0.0,1.0,0.0,150.0,0.0
domain_dependent,graphbpe,xgboost,state,logistics,test-interpolation,102,domain_specific,3,9,0.2222222222222222,0.0,1.0,0.0,117.11111111111111,0.0
domain_dependent,graphbpe,xgboost,state,logistics,test-extrapolation,102,domain_specific,3,18,0.0,0.0,1.0,0.0,293.3333333333333,0.0
domain_dependent,graphbpe,xgboost,state,visitall-from-everywhere,validation,104,domain_specific,3,24,0.5416666666666666,0.0,1.0,0.0,101.58333333333333,0.0
domain_dependent,graphbpe,xgboost,state,visitall-from-everywhere,test-interpolation,104,domain_specific,3,37,0.7567567567567568,0.0,1.0,0.0,21.0,0.0
domain_dependent,graphbpe,xgboost,state,visitall-from-everywhere,test-extrapolation,104,domain_specific,3,219,0.0958904109589041,0.0,1.0,0.0,460.56164383561645,0.0
domain_dependent,graphbpe,xgboost,delta,blocks,validation,84,domain_specific,3,3,0.0,0.0,1.0,0.0,100.0,0.0
domain_dependent,graphbpe,xgboost,delta,blocks,test-interpolation,84,domain_specific,3,3,0.0,0.0,1.0,0.0,69.77777777777777,7.350149070462771
domain_dependent,graphbpe,xgboost,delta,blocks,test-extrapolation,84,domain_specific,3,20,0.0,0.0,1.0,0.0,123.4,1.8547236990991431
domain_dependent,graphbpe,xgboost,delta,gripper,validation,58,domain_specific,3,2,1.0,0.0,1.0,0.0,37.0,0.0
domain_dependent,graphbpe,xgboost,delta,gripper,test-interpolation,58,domain_specific,3,3,1.0,0.0,1.0,0.0,19.0,0.0
domain_dependent,graphbpe,xgboost,delta,gripper,test-extrapolation,58,domain_specific,3,16,1.0,0.0,1.0,0.0,107.0,0.0
domain_dependent,graphbpe,xgboost,delta,logistics,validation,102,domain_specific,3,4,0.0,0.0,1.0,0.0,150.0,0.0
domain_dependent,graphbpe,xgboost,delta,logistics,test-interpolation,102,domain_specific,3,9,0.2222222222222222,0.0,1.0,0.0,117.11111111111111,0.0
domain_dependent,graphbpe,xgboost,delta,logistics,test-extrapolation,102,domain_specific,3,18,0.0,0.0,1.0,0.0,293.3333333333333,0.0
domain_dependent,graphbpe,xgboost,delta,visitall-from-everywhere,validation,104,domain_specific,3,24,0.5416666666666666,0.0,1.0,0.0,101.58333333333333,0.0
domain_dependent,graphbpe,xgboost,delta,visitall-from-everywhere,test-interpolation,104,domain_specific,3,37,0.7567567567567568,0.0,1.0,0.0,21.0,0.0
domain_dependent,graphbpe,xgboost,delta,visitall-from-everywhere,test-extrapolation,104,domain_specific,3,219,0.0958904109589041,0.0,1.0,0.0,460.56164383561645,0.0
domain_dependent,random,lstm,state,blocks,validation,128,domain_specific,3,3,0.0,0.0,1.0,0.0,100.0,0.0
domain_dependent,random,lstm,state,blocks,test-interpolation,128,domain_specific,3,3,0.0,0.0,1.0,0.0,31.333333333333332,4.320493798938576
domain_dependent,random,lstm,state,blocks,test-extrapolation,128,domain_specific,3,20,0.0,0.0,1.0,0.0,124.23333333333333,1.0842303978193715
domain_dependent,random,lstm,state,gripper,validation,128,domain_specific,3,2,1.0,0.0,1.0,0.0,31.0,2.8284271247461903
domain_dependent,random,lstm,state,gripper,test-interpolation,128,domain_specific,3,3,1.0,0.0,1.0,0.0,17.666666666666668,0.9428090415820634
domain_dependent,random,lstm,state,gripper,test-extrapolation,128,domain_specific,3,16,0.20833333333333334,0.02946278254943948,1.0,0.0,260.9791666666667,32.467986369482304
domain_dependent,random,lstm,state,logistics,validation,128,domain_specific,3,4,0.0,0.0,1.0,0.0,150.0,0.0
domain_dependent,random,lstm,state,logistics,test-interpolation,128,domain_specific,3,9,0.2962962962962963,0.10475656017578482,1.0,0.0,108.4074074074074,1.5026268722296843
domain_dependent,random,lstm,state,logistics,test-extrapolation,128,domain_specific,3,18,0.0,0.0,1.0,0.0,293.3333333333333,0.0
domain_dependent,random,lstm,state,visitall-from-everywhere,validation,128,domain_specific,3,24,0.5138888888888888,0.0392837100659193,1.0,0.0,107.58333333333333,4.73168985552613
domain_dependent,random,lstm,state,visitall-from-everywhere,test-interpolation,128,domain_specific,3,37,0.7837837837837838,0.07644397634449163,1.0,0.0,24.46846846846847,0.9770518440603129
domain_dependent,random,lstm,state,visitall-from-everywhere,test-extrapolation,128,domain_specific,3,219,0.0487062404870624,0.005695064515637658,1.0,0.0,400.50380517503805,31.430926177244068
domain_dependent,random,lstm,delta,blocks,validation,128,domain_specific,3,3,0.0,0.0,1.0,0.0,71.77777777777777,10.07135039433303
domain_dependent,random,lstm,delta,blocks,test-interpolation,128,domain_specific,3,3,0.0,0.0,1.0,0.0,26.666666666666668,1.0886621079036352
domain_dependent,random,lstm,delta,blocks,test-extrapolation,128,domain_specific,3,20,0.0,0.0,1.0,0.0,90.23333333333333,3.7169282419163787
domain_dependent,random,lstm,delta,gripper,validation,128,domain_specific,3,2,0.6666666666666666,0.4714045207910317,1.0,0.0,44.333333333333336,17.745108872274887
domain_dependent,random,lstm,delta,gripper,test-interpolation,128,domain_specific,3,3,0.5555555555555556,0.15713484026367722,1.0,0.0,25.88888888888889,0.3142696805273533
domain_dependent,random,lstm,delta,gripper,test-extrapolation,128,domain_specific,3,16,0.5208333333333334,0.15590239111558088,1.0,0.0,79.70833333333333,17.660671152466307
domain_dependent,random,lstm,delta,logistics,validation,128,domain_specific,3,4,0.0,0.0,1.0,0.0,150.0,0.0
domain_dependent,random,lstm,delta,logistics,test-interpolation,128,domain_specific,3,9,0.037037037037037035,0.05237828008789241,1.0,0.0,134.07407407407408,3.059537248601982
domain_dependent,random,lstm,delta,logistics,test-extrapolation,128,domain_specific,3,18,0.0,0.0,1.0,0.0,293.3333333333333,0.0
domain_dependent,random,lstm,delta,visitall-from-everywhere,validation,128,domain_specific,3,24,0.4166666666666667,0.03402069087198858,1.0,0.0,106.0,0.35843021946010944
domain_dependent,random,lstm,delta,visitall-from-everywhere,test-interpolation,128,domain_specific,3,37,0.6936936936936937,0.025481325448163877,1.0,0.0,25.063063063063062,0.7339992991736457
domain_dependent,random,lstm,delta,visitall-from-everywhere,test-extrapolation,128,domain_specific,3,219,0.4916286149162861,0.3212036582020391,1.0,0.0,269.19634703196346,67.98952755220847
domain_dependent,random,xgboost,state,blocks,validation,128,domain_specific,3,3,0.0,0.0,1.0,0.0,27.333333333333332,0.0
domain_dependent,random,xgboost,state,blocks,test-interpolation,128,domain_specific,3,3,0.0,0.0,1.0,0.0,20.666666666666668,0.0
domain_dependent,random,xgboost,state,blocks,test-extrapolation,128,domain_specific,3,20,0.0,0.0,1.0,0.0,125.0,0.0
domain_dependent,random,xgboost,state,gripper,validation,128,domain_specific,3,2,1.0,0.0,1.0,0.0,37.0,0.0
domain_dependent,random,xgboost,state,gripper,test-interpolation,128,domain_specific,3,3,1.0,0.0,1.0,0.0,19.0,0.0
domain_dependent,random,xgboost,state,gripper,test-extrapolation,128,domain_specific,3,16,1.0,0.0,1.0,0.0,107.0,0.0
domain_dependent,random,xgboost,state,logistics,validation,128,domain_specific,3,4,0.0,0.0,1.0,0.0,150.0,0.0
domain_dependent,random,xgboost,state,logistics,test-interpolation,128,domain_specific,3,9,0.1111111111111111,0.0,1.0,0.0,125.66666666666667,0.0
domain_dependent,random,xgboost,state,logistics,test-extrapolation,128,domain_specific,3,18,0.0,0.0,1.0,0.0,293.3333333333333,0.0
domain_dependent,random,xgboost,state,visitall-from-everywhere,validation,128,domain_specific,3,24,0.3333333333333333,0.0,1.0,0.0,114.33333333333333,0.0
domain_dependent,random,xgboost,state,visitall-from-everywhere,test-interpolation,128,domain_specific,3,37,0.7027027027027027,0.0,1.0,0.0,23.45945945945946,0.0
domain_dependent,random,xgboost,state,visitall-from-everywhere,test-extrapolation,128,domain_specific,3,219,0.0091324200913242,0.0,1.0,0.0,389.6986301369863,0.0
domain_dependent,random,xgboost,delta,blocks,validation,128,domain_specific,3,3,0.0,0.0,1.0,0.0,99.33333333333333,0.0
domain_dependent,random,xgboost,delta,blocks,test-interpolation,128,domain_specific,3,3,0.0,0.0,1.0,0.0,21.333333333333332,0.0
domain_dependent,random,xgboost,delta,blocks,test-extrapolation,128,domain_specific,3,20,0.0,0.0,1.0,0.0,125.0,0.0
domain_dependent,random,xgboost,delta,gripper,validation,128,domain_specific,3,2,0.5,0.0,1.0,0.0,87.5,0.0
domain_dependent,random,xgboost,delta,gripper,test-interpolation,128,domain_specific,3,3,1.0,0.0,1.0,0.0,19.0,0.0
domain_dependent,random,xgboost,delta,gripper,test-extrapolation,128,domain_specific,3,16,0.0,0.0,1.0,0.0,310.0,0.0
domain_dependent,random,xgboost,delta,logistics,validation,128,domain_specific,3,4,0.0,0.0,1.0,0.0,150.0,0.0
domain_dependent,random,xgboost,delta,logistics,test-interpolation,128,domain_specific,3,9,0.0,0.0,1.0,0.0,135.55555555555554,0.0
domain_dependent,random,xgboost,delta,logistics,test-extrapolation,128,domain_specific,3,18,0.0,0.0,1.0,0.0,293.3333333333333,0.0
domain_dependent,random,xgboost,delta,visitall-from-everywhere,validation,128,domain_specific,3,24,1.0,0.0,1.0,0.0,23.125,0.0
domain_dependent,random,xgboost,delta,visitall-from-everywhere,test-interpolation,128,domain_specific,3,37,1.0,0.0,1.0,0.0,10.0,0.0
domain_dependent,random,xgboost,delta,visitall-from-everywhere,test-extrapolation,128,domain_specific,3,219,1.0,0.0,1.0,0.0,69.68949771689498,0.0
all_domains,wl,lstm,state,blocks,validation,1164,union,3,3,0.1111111111111111,0.15713484026367722,1.0,0.0,95.33333333333333,6.599663291074443
all_domains,wl,lstm,state,blocks,test-interpolation,1164,union,3,3,1.0,0.0,1.0,0.0,16.88888888888889,4.565030796483141
all_domains,wl,lstm,state,blocks,test-extrapolation,1164,union,3,20,0.15,0.0816496580927726,1.0,0.0,120.83333333333333,3.2055507413790143
all_domains,wl,lstm,state,gripper,validation,1164,union,3,2,0.3333333333333333,0.4714045207910317,1.0,0.0,101.66666666666667,47.14045207910317
all_domains,wl,lstm,state,gripper,test-interpolation,1164,union,3,3,0.7777777777777778,0.3142696805273545,1.0,0.0,37.22222222222222,25.86193160173539
all_domains,wl,lstm,state,gripper,test-extrapolation,1164,union,3,16,0.041666666666666664,0.05892556509887896,1.0,0.0,305.0833333333333,6.953216681667717
all_domains,wl,lstm,state,logistics,validation,1164,union,3,4,0.08333333333333333,0.11785113019775792,1.0,0.0,145.66666666666666,6.128258770283412
all_domains,wl,lstm,state,logistics,test-interpolation,1164,union,3,9,0.6666666666666666,0.2721655269759087,1.0,0.0,78.07407407407408,20.06498359155802
all_domains,wl,lstm,state,logistics,test-extrapolation,1164,union,3,18,0.0,0.0,1.0,0.0,293.3333333333333,0.0
all_domains,wl,lstm,state,visitall-from-everywhere,validation,1164,union,3,24,1.0,0.0,1.0,0.0,19.13888888888889,0.2160604053625573
all_domains,wl,lstm,state,visitall-from-everywhere,test-interpolation,1164,union,3,37,1.0,0.0,1.0,0.0,9.135135135135135,0.0
all_domains,wl,lstm,state,visitall-from-everywhere,test-extrapolation,1164,union,3,219,0.8660578386605784,0.17666506092598974,1.0,0.0,151.11872146118722,123.19343706826113
all_domains,wl,lstm,delta,blocks,validation,1164,union,3,3,0.3333333333333333,0.0,1.0,0.0,88.88888888888889,2.6851213274654624
all_domains,wl,lstm,delta,blocks,test-interpolation,1164,union,3,3,0.8888888888888888,0.15713484026367724,1.0,0.0,27.555555555555557,17.361799986332986
all_domains,wl,lstm,delta,blocks,test-extrapolation,1164,union,3,20,0.06666666666666667,0.047140452079103175,1.0,0.0,103.83333333333333,1.1585431464655165
all_domains,wl,lstm,delta,gripper,validation,1164,union,3,2,0.6666666666666666,0.4714045207910317,1.0,0.0,98.33333333333333,38.58612300930075
all_domains,wl,lstm,delta,gripper,test-interpolation,1164,union,3,3,0.7777777777777778,0.3142696805273545,1.0,0.0,52.111111111111114,26.158113723666062
all_domains,wl,lstm,delta,gripper,test-extrapolation,1164,union,3,16,0.2708333333333333,0.38301617314271325,1.0,0.0,266.3541666666667,60.31584259591799
all_domains,wl,lstm,delta,logistics,validation,1164,union,3,4,0.0,0.0,1.0,0.0,150.0,0.0
all_domains,wl,lstm,delta,logistics,test-interpolation,1164,union,3,9,0.18518518518518517,0.10475656017578482,1.0,0.0,122.51851851851852,7.04852862872132
all_domains,wl,lstm,delta,logistics,test-extrapolation,1164,union,3,18,0.0,0.0,1.0,0.0,293.3333333333333,0.0
all_domains,wl,lstm,delta,visitall-from-everywhere,validation,1164,union,3,24,1.0,0.0,1.0,0.0,19.36111111111111,0.6294593996458147
all_domains,wl,lstm,delta,visitall-from-everywhere,test-interpolation,1164,union,3,37,1.0,0.0,1.0,0.0,8.747747747747747,0.33199145536375274
all_domains,wl,lstm,delta,visitall-from-everywhere,test-extrapolation,1164,union,3,219,0.969558599695586,0.011390129031275316,1.0,0.0,76.58904109589041,2.1520110826027032
all_domains,wl,xgboost,state,blocks,validation,1164,union,3,3,1.0,0.0,1.0,0.0,25.333333333333332,0.0
all_domains,wl,xgboost,state,blocks,test-interpolation,1164,union,3,3,1.0,0.0,1.0,0.0,12.666666666666666,0.0
all_domains,wl,xgboost,state,blocks,test-extrapolation,1164,union,3,20,0.3,0.0,1.0,0.0,108.5,0.0
all_domains,wl,xgboost,state,gripper,validation,1164,union,3,2,0.0,0.0,1.0,0.0,135.0,0.0
all_domains,wl,xgboost,state,gripper,test-interpolation,1164,union,3,3,0.3333333333333333,0.0,1.0,0.0,88.33333333333333,0.0
all_domains,wl,xgboost,state,gripper,test-extrapolation,1164,union,3,16,0.0,0.0,1.0,0.0,310.0,0.0
all_domains,wl,xgboost,state,logistics,validation,1164,union,3,4,0.0,0.0,1.0,0.0,150.0,0.0
all_domains,wl,xgboost,state,logistics,test-interpolation,1164,union,3,9,0.2222222222222222,0.0,1.0,0.0,111.77777777777777,0.0
all_domains,wl,xgboost,state,logistics,test-extrapolation,1164,union,3,18,0.0,0.0,1.0,0.0,293.3333333333333,0.0
all_domains,wl,xgboost,state,visitall-from-everywhere,validation,1164,union,3,24,1.0,0.0,1.0,0.0,19.125,0.0
all_domains,wl,xgboost,state,visitall-from-everywhere,test-interpolation,1164,union,3,37,1.0,0.0,1.0,0.0,8.756756756756756,0.0
all_domains,wl,xgboost,state,visitall-from-everywhere,test-extrapolation,1164,union,3,219,0.2146118721461187,0.0,1.0,0.0,391.70319634703196,0.0
all_domains,wl,xgboost,delta,blocks,validation,1164,union,3,3,0.6666666666666666,0.0,1.0,0.0,44.666666666666664,0.0
all_domains,wl,xgboost,delta,blocks,test-interpolation,1164,union,3,3,1.0,0.0,1.0,0.0,12.666666666666666,0.0
all_domains,wl,xgboost,delta,blocks,test-extrapolation,1164,union,3,20,0.6,0.0,1.0,0.0,77.1,0.0
all_domains,wl,xgboost,delta,gripper,validation,1164,union,3,2,0.0,0.0,1.0,0.0,135.0,0.0
all_domains,wl,xgboost,delta,gripper,test-interpolation,1164,union,3,3,0.3333333333333333,0.0,1.0,0.0,90.33333333333333,0.0
all_domains,wl,xgboost,delta,gripper,test-extrapolation,1164,union,3,16,0.0,0.0,1.0,0.0,292.9375,0.0
all_domains,wl,xgboost,delta,logistics,validation,1164,union,3,4,0.0,0.0,1.0,0.0,150.0,0.0
all_domains,wl,xgboost,delta,logistics,test-interpolation,1164,union,3,9,0.2222222222222222,0.0,1.0,0.0,122.88888888888889,0.0
all_domains,wl,xgboost,delta,logistics,test-extrapolation,1164,union,3,18,0.0,0.0,1.0,0.0,293.3333333333333,0.0
all_domains,wl,xgboost,delta,visitall-from-everywhere,validation,1164,union,3,24,1.0,0.0,1.0,0.0,18.833333333333332,0.0
all_domains,wl,xgboost,delta,visitall-from-everywhere,test-interpolation,1164,union,3,37,1.0,0.0,1.0,0.0,8.675675675675675,0.0
all_domains,wl,xgboost,delta,visitall-from-everywhere,test-extrapolation,1164,union,3,219,1.0,0.0,1.0,0.0,61.37442922374429,0.0
all_domains,simhash,lstm,state,blocks,validation,128,pooled,3,3,0.0,0.0,1.0,0.0,100.0,0.0
all_domains,simhash,lstm,state,blocks,test-interpolation,128,pooled,3,3,0.0,0.0,1.0,0.0,73.55555555555556,4.629481479111034
all_domains,simhash,lstm,state,blocks,test-extrapolation,128,pooled,3,20,0.0,0.0,1.0,0.0,125.0,0.0
all_domains,simhash,lstm,state,gripper,validation,128,pooled,3,2,0.3333333333333333,0.23570226039551584,1.0,0.0,104.0,22.056745000112777
all_domains,simhash,lstm,state,gripper,test-interpolation,128,pooled,3,3,0.5555555555555556,0.15713484026367722,1.0,0.0,52.666666666666664,4.714045207910317
all_domains,simhash,lstm,state,gripper,test-extrapolation,128,pooled,3,16,0.7916666666666666,0.05892556509887896,1.0,0.0,136.89583333333334,7.395158419909309
all_domains,simhash,lstm,state,logistics,validation,128,pooled,3,4,0.0,0.0,1.0,0.0,150.0,0.0
all_domains,simhash,lstm,state,logistics,test-interpolation,128,pooled,3,9,0.14814814814814814,0.10475656017578482,1.0,0.0,132.74074074074073,2.179842810305509
all_domains,simhash,lstm,state,logistics,test-extrapolation,128,pooled,3,18,0.0,0.0,1.0,0.0,293.3333333333333,0.0
all_domains,simhash,lstm,state,visitall-from-everywhere,validation,128,pooled,3,24,0.8333333333333334,0.0,1.0,0.0,57.208333333333336,0.0
all_domains,simhash,lstm,state,visitall-from-everywhere,test-interpolation,128,pooled,3,37,0.972972972972973,0.0,1.0,0.0,14.252252252252251,0.09187422547014083
all_domains,simhash,lstm,state,visitall-from-everywhere,test-extrapolation,128,pooled,3,219,0.3866057838660578,0.027481689627500437,1.0,0.0,397.3181126331811,3.1452456375663944
all_domains,simhash,lstm,delta,blocks,validation,128,pooled,3,3,0.0,0.0,1.0,0.0,100.0,0.0
all_domains,simhash,lstm,delta,blocks,test-interpolation,128,pooled,3,3,0.0,0.0,1.0,0.0,100.0,0.0
all_domains,simhash,lstm,delta,blocks,test-extrapolation,128,pooled,3,20,0.0,0.0,1.0,0.0,120.5,0.0
all_domains,simhash,lstm,delta,gripper,validation,128,pooled,3,2,0.5,0.0,1.0,0.0,32.5,0.0
all_domains,simhash,lstm,delta,gripper,test-interpolation,128,pooled,3,3,0.3333333333333333,0.0,1.0,0.0,32.111111111111114,12.885056901621533
all_domains,simhash,lstm,delta,gripper,test-extrapolation,128,pooled,3,16,0.25,0.0,1.0,0.0,238.58333333333334,0.9428090415820634
all_domains,simhash,lstm,delta,logistics,validation,128,pooled,3,4,0.0,0.0,1.0,0.0,150.0,0.0
all_domains,simhash,lstm,delta,logistics,test-interpolation,128,pooled,3,9,0.07407407407407407,0.05237828008789241,1.0,0.0,132.7037037037037,2.8055402762082404
all_domains,simhash,lstm,delta,logistics,test-extrapolation,128,pooled,3,18,0.0,0.0,1.0,0.0,293.3333333333333,0.0
all_domains,simhash,lstm,delta,visitall-from-everywhere,validation,128,pooled,3,24,0.4027777777777778,0.019641855032959663,1.0,0.0,106.43055555555556,0.37628381067067057
all_domains,simhash,lstm,delta,visitall-from-everywhere,test-interpolation,128,pooled,3,37,0.7027027027027027,0.02206747516020881,1.0,0.0,26.396396396396398,0.6701879248071088
all_domains,simhash,lstm,delta,visitall-from-everywhere,test-extrapolation,128,pooled,3,219,0.0700152207001522,0.007761064708664817,1.0,0.0,414.58447488584477,2.48759423416374
all_domains,simhash,xgboost,state,blocks,validation,128,pooled,3,3,0.0,0.0,1.0,0.0,100.0,0.0
all_domains,simhash,xgboost,state,blocks,test-interpolation,128,pooled,3,3,0.0,0.0,1.0,0.0,86.0,0.0
all_domains,simhash,xgboost,state,blocks,test-extrapolation,128,pooled,3,20,0.0,0.0,1.0,0.0,125.0,0.0
all_domains,simhash,xgboost,state,gripper,validation,128,pooled,3,2,0.5,0.0,1.0,0.0,84.5,0.0
all_domains,simhash,xgboost,state,gripper,test-interpolation,128,pooled,3,3,0.6666666666666666,0.0,1.0,0.0,45.333333333333336,0.0
all_domains,simhash,xgboost,state,gripper,test-extrapolation,128,pooled,3,16,0.1875,0.0,1.0,0.0,271.5625,0.0
all_domains,simhash,xgboost,state,logistics,validation,128,pooled,3,4,0.0,0.0,1.0,0.0,150.0,0.0
all_domains,simhash,xgboost,state,logistics,test-interpolation,128,pooled,3,9,0.0,0.0,1.0,0.0,109.44444444444444,0.0
all_domains,simhash,xgboost,state,logistics,test-extrapolation,128,pooled,3,18,0.0,0.0,1.0,0.0,293.3333333333333,0.0
all_domains,simhash,xgboost,state,visitall-from-everywhere,validation,128,pooled,3,24,0.6666666666666666,0.0,1.0,0.0,57.208333333333336,0.0
all_domains,simhash,xgboost,state,visitall-from-everywhere,test-interpolation,128,pooled,3,37,0.8108108108108109,0.0,1.0,0.0,17.45945945945946,0.0
all_domains,simhash,xgboost,state,visitall-from-everywhere,test-extrapolation,128,pooled,3,219,0.2785388127853881,0.0,1.0,0.0,409.4246575342466,0.0
all_domains,simhash,xgboost,delta,blocks,validation,128,pooled,3,3,0.0,0.0,1.0,0.0,100.0,0.0
all_domains,simhash,xgboost,delta,blocks,test-interpolation,128,pooled,3,3,0.0,0.0,1.0,0.0,38.666666666666664,0.0
all_domains,simhash,xgboost,delta,blocks,test-extrapolation,128,pooled,3,20,0.0,0.0,1.0,0.0,123.0,0.0
all_domains,simhash,xgboost,delta,gripper,validation,128,pooled,3,2,0.5,0.0,1.0,0.0,52.0,0.0
all_domains,simhash,xgboost,delta,gripper,test-interpolation,128,pooled,3,3,0.3333333333333333,0.0,1.0,0.0,73.66666666666667,0.0
all_domains,simhash,xgboost,delta,gripper,test-extrapolation,128,pooled,3,16,0.375,0.0,1.0,0.0,246.6875,0.0
all_domains,simhash,xgboost,delta,logistics,validation,128,pooled,3,4,0.0,0.0,1.0,0.0,150.0,0.0
all_domains,simhash,xgboost,delta,logistics,test-interpolation,128,pooled,3,9,0.0,0.0,1.0,0.0,136.66666666666666,0.0
all_domains,simhash,xgboost,delta,logistics,test-extrapolation,128,pooled,3,18,0.0,0.0,1.0,0.0,293.3333333333333,0.0
all_domains,simhash,xgboost,delta,visitall-from-everywhere,validation,128,pooled,3,24,0.4583333333333333,0.0,1.0,0.0,102.83333333333333,0.0
all_domains,simhash,xgboost,delta,visitall-from-everywhere,test-interpolation,128,pooled,3,37,0.7027027027027027,0.0,1.0,0.0,25.7027027027027,0.0
all_domains,simhash,xgboost,delta,visitall-from-everywhere,test-extrapolation,128,pooled,3,219,0.0639269406392694,0.0,1.0,0.0,439.26027397260276,0.0
all_domains,shortest_path,lstm,state,blocks,validation,55,pooled,3,3,0.0,0.0,1.0,0.0,30.666666666666668,17.797211600156377
all_domains,shortest_path,lstm,state,blocks,test-interpolation,55,pooled,3,3,0.0,0.0,1.0,0.0,11.333333333333334,0.5443310539518176
all_domains,shortest_path,lstm,state,blocks,test-extrapolation,55,pooled,3,20,0.0,0.0,1.0,0.0,108.26666666666667,8.88606899715629
all_domains,shortest_path,lstm,state,gripper,validation,55,pooled,3,2,0.0,0.0,1.0,0.0,135.0,0.0
all_domains,shortest_path,lstm,state,gripper,test-interpolation,55,pooled,3,3,0.8888888888888888,0.15713484026367724,1.0,0.0,29.555555555555554,13.04219174188521
all_domains,shortest_path,lstm,state,gripper,test-extrapolation,55,pooled,3,16,0.0,0.0,1.0,0.0,310.0,0.0
all_domains,shortest_path,lstm,state,logistics,validation,55,pooled,3,4,0.0,0.0,1.0,0.0,150.0,0.0
all_domains,shortest_path,lstm,state,logistics,test-interpolation,55,pooled,3,9,0.2222222222222222,0.0,1.0,0.0,116.66666666666667,6.4431671786615174
all_domains,shortest_path,lstm,state,logistics,test-extrapolation,55,pooled,3,18,0.0,0.0,1.0,0.0,293.3333333333333,0.0
all_domains,shortest_path,lstm,state,visitall-from-everywhere,validation,55,pooled,3,24,1.0,0.0,1.0,0.0,19.291666666666668,0.0
all_domains,shortest_path,lstm,state,visitall-from-everywhere,test-interpolation,55,pooled,3,37,1.0,0.0,1.0,0.0,9.135135135135135,0.0
all_domains,shortest_path,lstm,state,visitall-from-everywhere,test-extrapolation,55,pooled,3,219,1.0,0.0,1.0,0.0,61.68036529680365,0.0
all_domains,shortest_path,lstm,delta,blocks,validation,55,pooled,3,3,0.0,0.0,1.0,0.0,15.777777777777779,0.31426968052735416
all_domains,shortest_path,lstm,delta,blocks,test-interpolation,55,pooled,3,3,0.0,0.0,1.0,0.0,11.333333333333334,0.5443310539518176
all_domains,shortest_path,lstm,delta,blocks,test-extrapolation,55,pooled,3,20,0.0,0.0,1.0,0.0,57.400000000000006,26.56426170628501
all_domains,shortest_path,lstm,delta,gripper,validation,55,pooled,3,2,0.5,0.408248290463863,1.0,0.0,40.0,8.602325267042627
all_domains,shortest_path,lstm,delta,gripper,test-interpolation,55,pooled,3,3,0.6666666666666666,0.2721655269759087,1.0,0.0,24.77777777777778,7.18709405724277
all_domains,shortest_path,lstm,delta,gripper,test-extrapolation,55,pooled,3,16,0.020833333333333332,0.02946278254943948,1.0,0.0,190.97916666666666,74.26771557270958
all_domains,shortest_path,lstm,delta,logistics,validation,55,pooled,3,4,0.0,0.0,1.0,0.0,150.0,0.0
all_domains,shortest_path,lstm,delta,logistics,test-interpolation,55,pooled,3,9,0.25925925925925924,0.05237828008789241,1.0,0.0,105.92592592592592,4.518214926048762
all_domains,shortest_path,lstm,delta,logistics,test-extrapolation,55,pooled,3,18,0.0,0.0,1.0,0.0,293.3333333333333,0.0
all_domains,shortest_path,lstm,delta,visitall-from-everywhere,validation,55,pooled,3,24,0.9583333333333334,0.05892556509887896,1.0,0.0,23.61111111111111,3.6421740895741705
all_domains,shortest_path,lstm,delta,visitall-from-everywhere,test-interpolation,55,pooled,3,37,1.0,0.0,1.0,0.0,9.00900900900901,0.4744934804419349
all_domains,shortest_path,lstm,delta,visitall-from-everywhere,test-extrapolation,55,pooled,3,219,0.9923896499238964,0.010762660292032713,1.0,0.0,92.6910197869102,32.78829229819088
all_domains,shortest_path,xgboost,state,blocks,validation,55,pooled,3,3,0.0,0.0,1.0,0.0,100.0,0.0
all_domains,shortest_path,xgboost,state,blocks,test-interpolation,55,pooled,3,3,0.0,0.0,1.0,0.0,29.333333333333332,0.0
all_domains,shortest_path,xgboost,state,blocks,test-extrapolation,55,pooled,3,20,0.0,0.0,1.0,0.0,50.6,0.0
all_domains,shortest_path,xgboost,state,gripper,validation,55,pooled,3,2,1.0,0.0,1.0,0.0,37.0,0.0
all_domains,shortest_path,xgboost,state,gripper,test-interpolation,55,pooled,3,3,0.6666666666666666,0.0,1.0,0.0,46.666666666666664,0.0
all_domains,shortest_path,xgboost,state,gripper,test-extrapolation,55,pooled,3,16,0.625,0.0,1.0,0.0,166.25,0.0
all_domains,shortest_path,xgboost,state,logistics,validation,55,pooled,3,4,0.0,0.0,1.0,0.0,150.0,0.0
all_domains,shortest_path,xgboost,state,logistics,test-interpolation,55,pooled,3,9,0.2222222222222222,0.0,1.0,0.0,111.55555555555556,0.0
all_domains,shortest_path,xgboost,state,logistics,test-extrapolation,55,pooled,3,18,0.0,0.0,1.0,0.0,293.3333333333333,0.0
all_domains,shortest_path,xgboost,state,visitall-from-everywhere,validation,55,pooled,3,24,1.0,0.0,1.0,0.0,18.833333333333332,0.0
all_domains,shortest_path,xgboost,state,visitall-from-everywhere,test-interpolation,55,pooled,3,37,1.0,0.0,1.0,0.0,8.972972972972974,0.0
all_domains,shortest_path,xgboost,state,visitall-from-everywhere,test-extrapolation,55,pooled,3,219,0.9680365296803652,0.0,1.0,0.0,72.1917808219178,0.0
all_domains,shortest_path,xgboost,delta,blocks,validation,55,pooled,3,3,0.0,0.0,1.0,0.0,100.0,0.0
all_domains,shortest_path,xgboost,delta,blocks,test-interpolation,55,pooled,3,3,0.0,0.0,1.0,0.0,28.666666666666668,0.0
all_domains,shortest_path,xgboost,delta,blocks,test-extrapolation,55,pooled,3,20,0.0,0.0,1.0,0.0,106.4,0.0
all_domains,shortest_path,xgboost,delta,gripper,validation,55,pooled,3,2,0.5,0.0,1.0,0.0,124.5,0.0
all_domains,shortest_path,xgboost,delta,gripper,test-interpolation,55,pooled,3,3,1.0,0.0,1.0,0.0,19.0,0.0
all_domains,shortest_path,xgboost,delta,gripper,test-extrapolation,55,pooled,3,16,0.0,0.0,1.0,0.0,214.75,0.0
all_domains,shortest_path,xgboost,delta,logistics,validation,55,pooled,3,4,0.0,0.0,1.0,0.0,150.0,0.0
all_domains,shortest_path,xgboost,delta,logistics,test-interpolation,55,pooled,3,9,0.0,0.0,1.0,0.0,133.66666666666666,0.0
all_domains,shortest_path,xgboost,delta,logistics,test-extrapolation,55,pooled,3,18,0.0,0.0,1.0,0.0,293.3333333333333,0.0
all_domains,shortest_path,xgboost,delta,visitall-from-everywhere,validation,55,pooled,3,24,1.0,0.0,1.0,0.0,18.833333333333332,0.0
all_domains,shortest_path,xgboost,delta,visitall-from-everywhere,test-interpolation,55,pooled,3,37,1.0,0.0,1.0,0.0,8.513513513513514,0.0
all_domains,shortest_path,xgboost,delta,visitall-from-everywhere,test-extrapolation,55,pooled,3,219,1.0,0.0,1.0,0.0,61.210045662100455,0.0
all_domains,graphbpe,lstm,state,blocks,validation,123,pooled,3,3,0.0,0.0,1.0,0.0,91.33333333333333,11.788255297666524
all_domains,graphbpe,lstm,state,blocks,test-interpolation,123,pooled,3,3,0.7777777777777778,0.15713484026367724,1.0,0.0,36.888888888888886,12.769562576496572
all_domains,graphbpe,lstm,state,blocks,test-extrapolation,123,pooled,3,20,0.0,0.0,1.0,0.0,116.3,8.259539938761721
all_domains,graphbpe,lstm,state,gripper,validation,123,pooled,3,2,1.0,0.0,1.0,0.0,39.0,0.0
all_domains,graphbpe,lstm,state,gripper,test-interpolation,123,pooled,3,3,1.0,0.0,1.0,0.0,21.0,0.0
all_domains,graphbpe,lstm,state,gripper,test-extrapolation,123,pooled,3,16,1.0,0.0,1.0,0.0,109.0,0.0
all_domains,graphbpe,lstm,state,logistics,validation,123,pooled,3,4,0.0,0.0,1.0,0.0,150.0,0.0
all_domains,graphbpe,lstm,state,logistics,test-interpolation,123,pooled,3,9,0.1111111111111111,0.0,1.0,0.0,124.66666666666667,0.0
all_domains,graphbpe,lstm,state,logistics,test-extrapolation,123,pooled,3,18,0.0,0.0,1.0,0.0,293.3333333333333,0.0
all_domains,graphbpe,lstm,state,visitall-from-everywhere,validation,123,pooled,3,24,0.5416666666666666,0.0,1.0,0.0,101.58333333333333,0.0
all_domains,graphbpe,lstm,state,visitall-from-everywhere,test-interpolation,123,pooled,3,37,0.7567567567567568,0.0,1.0,0.0,21.0,0.0
all_domains,graphbpe,lstm,state,visitall-from-everywhere,test-extrapolation,123,pooled,3,219,0.0958904109589041,0.0,1.0,0.0,460.56164383561645,0.0
all_domains,graphbpe,lstm,delta,blocks,validation,123,pooled,3,3,0.0,0.0,1.0,0.0,80.66666666666667,13.738294680954429
all_domains,graphbpe,lstm,delta,blocks,test-interpolation,123,pooled,3,3,0.5555555555555556,0.41573970964154905,1.0,0.0,26.444444444444443,14.609315479016534
all_domains,graphbpe,lstm,delta,blocks,test-extrapolation,123,pooled,3,20,0.0,0.0,1.0,0.0,112.63333333333334,16.578366090246114
all_domains,graphbpe,lstm,delta,gripper,validation,123,pooled,3,2,1.0,0.0,1.0,0.0,41.0,2.8284271247461903
all_domains,graphbpe,lstm,delta,gripper,test-interpolation,123,pooled,3,3,1.0,0.0,1.0,0.0,21.0,0.0
all_domains,graphbpe,lstm,delta,gripper,test-extrapolation,123,pooled,3,16,0.8541666666666666,0.07795119555779044,1.0,0.0,182.97916666666666,40.60628842583649
all_domains,graphbpe,lstm,delta,logistics,validation,123,pooled,3,4,0.0,0.0,1.0,0.0,150.0,0.0
all_domains,graphbpe,lstm,delta,logistics,test-interpolation,123,pooled,3,9,0.1111111111111111,0.0,1.0,0.0,124.66666666666667,0.0
all_domains,graphbpe,lstm,delta,logistics,test-extrapolation,123,pooled,3,18,0.0,0.0,1.0,0.0,293.3333333333333,0.0
all_domains,graphbpe,lstm,delta,visitall-from-everywhere,validation,123,pooled,3,24,0.5416666666666666,0.0,1.0,0.0,101.58333333333333,0.0
all_domains,graphbpe,lstm,delta,visitall-from-everywhere,test-interpolation,123,pooled,3,37,0.7567567567567568,0.0,1.0,0.0,21.0,0.0
all_domains,graphbpe,lstm,delta,visitall-from-everywhere,test-extrapolation,123,pooled,3,219,0.0958904109589041,0.0,1.0,0.0,460.56164383561645,0.0
all_domains,graphbpe,xgboost,state,blocks,validation,123,pooled,3,3,0.0,0.0,1.0,0.0,67.77777777777777,6.892472186342584
all_domains,graphbpe,xgboost,state,blocks,test-interpolation,123,pooled,3,3,0.7777777777777778,0.15713484026367724,1.0,0.0,19.333333333333332,5.65685424949238
all_domains,graphbpe,xgboost,state,blocks,test-extrapolation,123,pooled,3,20,0.0,0.0,1.0,0.0,108.86666666666666,0.8339997335464501
all_domains,graphbpe,xgboost,state,gripper,validation,123,pooled,3,2,1.0,0.0,1.0,0.0,37.0,0.0
all_domains,graphbpe,xgboost,state,gripper,test-interpolation,123,pooled,3,3,1.0,0.0,1.0,0.0,19.0,0.0
all_domains,graphbpe,xgboost,state,gripper,test-extrapolation,123,pooled,3,16,1.0,0.0,1.0,0.0,107.0,0.0
all_domains,graphbpe,xgboost,state,logistics,validation,123,pooled,3,4,0.0,0.0,1.0,0.0,150.0,0.0
all_domains,graphbpe,xgboost,state,logistics,test-interpolation,123,pooled,3,9,0.2222222222222222,0.0,1.0,0.0,117.11111111111111,0.0
all_domains,graphbpe,xgboost,state,logistics,test-extrapolation,123,pooled,3,18,0.0,0.0,1.0,0.0,293.3333333333333,0.0
all_domains,graphbpe,xgboost,state,visitall-from-everywhere,validation,123,pooled,3,24,0.5416666666666666,0.0,1.0,0.0,101.58333333333333,0.0
all_domains,graphbpe,xgboost,state,visitall-from-everywhere,test-interpolation,123,pooled,3,37,0.7567567567567568,0.0,1.0,0.0,21.0,0.0
all_domains,graphbpe,xgboost,state,visitall-from-everywhere,test-extrapolation,123,pooled,3,219,0.0958904109589041,0.0,1.0,0.0,460.56164383561645,0.0
all_domains,graphbpe,xgboost,delta,blocks,validation,123,pooled,3,3,0.0,0.0,1.0,0.0,84.22222222222221,6.7183184257026545
all_domains,graphbpe,xgboost,delta,blocks,test-interpolation,123,pooled,3,3,1.0,0.0,1.0,0.0,17.11111111111111,0.6285393610547083
all_domains,graphbpe,xgboost,delta,blocks,test-extrapolation,123,pooled,3,20,0.0,0.0,1.0,0.0,103.6,1.8055470085267749
all_domains,graphbpe,xgboost,delta,gripper,validation,123,pooled,3,2,1.0,0.0,1.0,0.0,37.0,0.0
all_domains,graphbpe,xgboost,delta,gripper,test-interpolation,123,pooled,3,3,1.0,0.0,1.0,0.0,19.0,0.0
all_domains,graphbpe,xgboost,delta,gripper,test-extrapolation,123,pooled,3,16,1.0,0.0,1.0,0.0,107.0,0.0
all_domains,graphbpe,xgboost,delta,logistics,validation,123,pooled,3,4,0.0,0.0,1.0,0.0,150.0,0.0
all_domains,graphbpe,xgboost,delta,logistics,test-interpolation,123,pooled,3,9,0.2222222222222222,0.0,1.0,0.0,117.11111111111111,0.0
all_domains,graphbpe,xgboost,delta,logistics,test-extrapolation,123,pooled,3,18,0.0,0.0,1.0,0.0,293.3333333333333,0.0
all_domains,graphbpe,xgboost,delta,visitall-from-everywhere,validation,123,pooled,3,24,0.5416666666666666,0.0,1.0,0.0,101.58333333333333,0.0
all_domains,graphbpe,xgboost,delta,visitall-from-everywhere,test-interpolation,123,pooled,3,37,0.7567567567567568,0.0,1.0,0.0,21.0,0.0
all_domains,graphbpe,xgboost,delta,visitall-from-everywhere,test-extrapolation,123,pooled,3,219,0.0958904109589041,0.0,1.0,0.0,460.56164383561645,0.0
all_domains,random,lstm,state,blocks,validation,128,pooled,3,3,0.0,0.0,1.0,0.0,79.77777777777779,11.344221349422416
all_domains,random,lstm,state,blocks,test-interpolation,128,pooled,3,3,0.0,0.0,1.0,0.0,71.55555555555556,14.77067498478566
all_domains,random,lstm,state,blocks,test-extrapolation,128,pooled,3,20,0.0,0.0,1.0,0.0,122.4,1.2832251036613456
all_domains,random,lstm,state,gripper,validation,128,pooled,3,2,0.0,0.0,1.0,0.0,135.0,0.0
all_domains,random,lstm,state,gripper,test-interpolation,128,pooled,3,3,0.3333333333333333,0.0,1.0,0.0,77.44444444444444,4.399775527382967
all_domains,random,lstm,state,gripper,test-extrapolation,128,pooled,3,16,0.0,0.0,1.0,0.0,308.5,2.1213203435596424
all_domains,random,lstm,state,logistics,validation,128,pooled,3,4,0.0,0.0,1.0,0.0,150.0,0.0
all_domains,random,lstm,state,logistics,test-interpolation,128,pooled,3,9,0.18518518518518517,0.05237828008789241,1.0,0.0,119.0,1.6948238797996384
all_domains,random,lstm,state,logistics,test-extrapolation,128,pooled,3,18,0.0,0.0,1.0,0.0,293.3333333333333,0.0
all_domains,random,lstm,state,visitall-from-everywhere,validation,128,pooled,3,24,0.4583333333333333,0.03402069087198858,1.0,0.0,102.59722222222221,3.3901978346439763
all_domains,random,lstm,state,visitall-from-everywhere,test-interpolation,128,pooled,3,37,0.7837837837837838,0.02206747516020881,1.0,0.0,22.55855855855856,0.6024595854883068
all_domains,random,lstm,state,visitall-from-everywhere,test-extrapolation,128,pooled,3,219,0.045662100456621,0.032502521315163804,1.0,0.0,349.03957382039573,29.79639895251134
all_domains,random,lstm,delta,blocks,validation,128,pooled,3,3,0.0,0.0,1.0,0.0,64.66666666666667,11.813363431112897
all_domains,random,lstm,delta,blocks,test-interpolation,128,pooled,3,3,0.0,0.0,1.0,0.0,18.0,2.8803291992923827
all_domains,random,lstm,delta,blocks,test-extrapolation,128,pooled,3,20,0.0,0.0,1.0,0.0,117.83333333333333,5.758664968742512
all_domains,random,lstm,delta,gripper,validation,128,pooled,3,2,0.6666666666666666,0.4714045207910317,1.0,0.0,82.33333333333333,37.276742823851386
all_domains,random,lstm,delta,gripper,test-interpolation,128,pooled,3,3,0.4444444444444444,0.15713484026367722,1.0,0.0,45.55555555555556,25.051551786537704
all_domains,random,lstm,delta,gripper,test-extrapolation,128,pooled,3,16,0.3541666666666667,0.28105703256733416,1.0,0.0,240.6875,59.53576918542331
all_domains,random,lstm,delta,logistics,validation,128,pooled,3,4,0.0,0.0,1.0,0.0,150.0,0.0
all_domains,random,lstm,delta,logistics,test-interpolation,128,pooled,3,9,0.18518518518518517,0.13857990321384966,1.0,0.0,119.37037037037037,12.384888353699745
all_domains,random,lstm,delta,logistics,test-extrapolation,128,pooled,3,18,0.0,0.0,1.0,0.0,293.3333333333333,0.0
all_domains,random,lstm,delta,visitall-from-everywhere,validation,128,pooled,3,24,0.5138888888888888,0.0392837100659193,1.0,0.0,108.01388888888889,7.034663951716545
all_domains,random,lstm,delta,visitall-from-everywhere,test-interpolation,128,pooled,3,37,0.7027027027027027,0.0,1.0,0.0,25.18018018018018,0.8708501602590687
all_domains,random,lstm,delta,visitall-from-everywhere,test-extrapolation,128,pooled,3,219,0.1613394216133942,0.14159342136447772,1.0,0.0,332.23896499238964,70.37489776666345
all_domains,random,xgboost,state,blocks,validation,128,pooled,3,3,0.0,0.0,1.0,0.0,100.0,0.0
all_domains,random,xgboost,state,blocks,test-interpolation,128,pooled,3,3,0.0,0.0,1.0,0.0,26.666666666666668,0.0
all_domains,random,xgboost,state,blocks,test-extrapolation,128,pooled,3,20,0.0,0.0,1.0,0.0,125.0,0.0
all_domains,random,xgboost,state,gripper,validation,128,pooled,3,2,1.0,0.0,1.0,0.0,44.0,0.0
all_domains,random,xgboost,state,gripper,test-interpolation,128,pooled,3,3,0.6666666666666666,0.0,1.0,0.0,46.0,0.0
all_domains,random,xgboost,state,gripper,test-extrapolation,128,pooled,3,16,0.875,0.0,1.0,0.0,136.125,0.0
all_domains,random,xgboost,state,logistics,validation,128,pooled,3,4,0.0,0.0,1.0,0.0,150.0,0.0
all_domains,random,xgboost,state,logistics,test-interpolation,128,pooled,3,9,0.1111111111111111,0.0,1.0,0.0,117.22222222222223,0.0
all_domains,random,xgboost,state,logistics,test-extrapolation,128,pooled,3,18,0.0,0.0,1.0,0.0,293.3333333333333,0.0
all_domains,random,xgboost,state,visitall-from-everywhere,validation,128,pooled,3,24,0.75,0.0,1.0,0.0,34.458333333333336,0.0
all_domains,random,xgboost,state,visitall-from-everywhere,test-interpolation,128,pooled,3,37,1.0,0.0,1.0,0.0,10.756756756756756,0.0
all_domains,random,xgboost,state,visitall-from-everywhere,test-extrapolation,128,pooled,3,219,0.8127853881278538,0.0,1.0,0.0,99.25114155251141,0.0
all_domains,random,xgboost,delta,blocks,validation,128,pooled,3,3,0.0,0.0,1.0,0.0,100.0,0.0
all_domains,random,xgboost,delta,blocks,test-interpolation,128,pooled,3,3,0.0,0.0,1.0,0.0,30.0,0.0
all_domains,random,xgboost,delta,blocks,test-extrapolation,128,pooled,3,20,0.0,0.0,1.0,0.0,125.0,0.0
all_domains,random,xgboost,delta,gripper,validation,128,pooled,3,2,0.0,0.0,1.0,0.0,135.0,0.0
all_domains,random,xgboost,delta,gripper,test-interpolation,128,pooled,3,3,0.3333333333333333,0.0,1.0,0.0,73.66666666666667,0.0
all_domains,random,xgboost,delta,gripper,test-extrapolation,128,pooled,3,16,0.0,0.0,1.0,0.0,310.0,0.0
all_domains,random,xgboost,delta,logistics,validation,128,pooled,3,4,0.0,0.0,1.0,0.0,150.0,0.0
all_domains,random,xgboost,delta,logistics,test-interpolation,128,pooled,3,9,0.0,0.0,1.0,0.0,123.0,0.0
all_domains,random,xgboost,delta,logistics,test-extrapolation,128,pooled,3,18,0.0,0.0,1.0,0.0,293.3333333333333,0.0
all_domains,random,xgboost,delta,visitall-from-everywhere,validation,128,pooled,3,24,0.75,0.0,1.0,0.0,84.79166666666667,0.0
all_domains,random,xgboost,delta,visitall-from-everywhere,test-interpolation,128,pooled,3,37,0.7567567567567568,0.0,1.0,0.0,23.0,0.0
all_domains,random,xgboost,delta,visitall-from-everywhere,test-extrapolation,128,pooled,3,219,0.776255707762557,0.0,1.0,0.0,178.03196347031962,0.0
