family,tokenizer,model,mode,domain,split,regime_a,regime_b,num_problems,method_a_mean,method_b_mean,mean_diff_b_minus_a,ci95_low,ci95_high,a_better_problem_count,b_better_problem_count,p_value,test,holm_p_value,significant_0_05,holm_family
regime::wl::lstm::state,wl,lstm,state,blocks,validation,domain_dependent,all_domains,3,0.4444444444444444,0.1111111111111111,-0.3333333333333333,-0.6666666666666666,0.3333333333333333,2,1,0.5005749712514375,Paired sign-flip on per-problem seed-mean solved outcomes,1.0,False,regime::wl::lstm::state
regime::wl::lstm::state,wl,lstm,state,blocks,test-interpolation,domain_dependent,all_domains,3,1.0,1.0,0.0,0.0,0.0,0,0,1.0,Paired sign-flip on per-problem seed-mean solved outcomes,1.0,False,regime::wl::lstm::state
regime::wl::lstm::state,wl,lstm,state,blocks,test-extrapolation,domain_dependent,all_domains,20,0.08333333333333333,0.15,0.06666666666666667,-0.03333333333333334,0.18333333333333332,3,6,0.3960301984900755,Paired sign-flip on per-problem seed-mean solved outcomes,1.0,False,regime::wl::lstm::state
regime::wl::lstm::state,wl,lstm,state,gripper,validation,domain_dependent,all_domains,2,1.0,0.3333333333333333,-0.6666666666666667,-0.6666666666666667,-0.6666666666666667,2,0,0.49947502624868756,Paired sign-flip on per-problem seed-mean solved outcomes,1.0,False,regime::wl::lstm::state
regime::wl::lstm::state,wl,lstm,state,gripper,test-interpolation,domain_dependent,all_domains,3,1.0,0.7777777777777777,-0.22222222222222224,-0.3333333333333333,0.0,2,0,0.5005249737513124,Paired sign-flip on per-problem seed-mean solved outcomes,1.0,False,regime::wl::lstm::state
regime::wl::lstm::state,wl,lstm,state,gripper,test-extrapolation,domain_dependent,all_domains,16,0.5416666666666666,0.041666666666666664,-0.49999999999999994,-0.625,-0.3958333333333333,16,0,0.000199990000499975,Paired sign-flip on per-problem seed-mean solved outcomes,0.002199890005499725,True,regime::wl::lstm::state
regime::wl::lstm::state,wl,lstm,state,logistics,validation,domain_dependent,all_domains,4,0.0,0.08333333333333333,0.08333333333333333,0.0,0.25,0,1,1.0,Paired sign-flip on per-problem seed-mean solved outcomes,1.0,False,regime::wl::lstm::state
regime::wl::lstm::state,wl,lstm,state,logistics,test-interpolation,domain_dependent,all_domains,9,0.48148148148148145,0.6666666666666666,0.18518518518518517,0.07407407407407408,0.29629629629629634,0,5,0.0616469176541173,Paired sign-flip on per-problem seed-mean solved outcomes,0.5548222588870557,False,regime::wl::lstm::state
regime::wl::lstm::state,wl,lstm,state,logistics,test-extrapolation,domain_dependent,all_domains,18,0.0,0.0,0.0,0.0,0.0,0,0,1.0,Paired sign-flip on per-problem seed-mean solved outcomes,1.0,False,regime::wl::lstm::state
regime::wl::lstm::state,wl,lstm,state,visitall-from-everywhere,validation,domain_dependent,all_domains,24,0.75,1.0,0.25,0.1527777777777778,0.36111111111111116,0,13,0.00039998000099995,Paired sign-flip on per-problem seed-mean solved outcomes,0.0039998000099995,True,regime::wl::lstm::state
regime::wl::lstm::state,wl,lstm,state,visitall-from-everywhere,test-interpolation,domain_dependent,all_domains,37,1.0,1.0,0.0,0.0,0.0,0,0,1.0,Paired sign-flip on per-problem seed-mean solved outcomes,1.0,False,regime::wl::lstm::state
regime::wl::lstm::state,wl,lstm,state,visitall-from-everywhere,test-extrapolation,domain_dependent,all_domains,219,0.4170471841704718,0.8660578386605782,0.4490106544901066,0.41856925418569263,0.47792998477929993,0,200,4.999750012499375e-05,Paired sign-flip on per-problem seed-mean solved outcomes,0.000599970001499925,True,regime::wl::lstm::state
regime::wl::lstm::delta,wl,lstm,delta,blocks,validation,domain_dependent,all_domains,3,0.4444444444444444,0.3333333333333333,-0.11111111111111112,-0.3333333333333333,0.3333333333333333,2,1,0.7526623668816559,Paired sign-flip on per-problem seed-mean solved outcomes,1.0,False,regime::wl::lstm::delta
regime::wl::lstm::delta,wl,lstm,delta,blocks,test-interpolation,domain_dependent,all_domains,3,1.0,0.8888888888888888,-0.11111111111111112,-0.3333333333333333,0.0,1,0,1.0,Paired sign-flip on per-problem seed-mean solved outcomes,1.0,False,regime::wl::lstm::delta
regime::wl::lstm::delta,wl,lstm,delta,blocks,test-extrapolation,domain_dependent,all_domains,20,0.26666666666666666,0.06666666666666667,-0.2,-0.3,-0.1,10,0,0.002449877506124694,Paired sign-flip on per-problem seed-mean solved outcomes,0.026948652567371632,True,regime::wl::lstm::delta
regime::wl::lstm::delta,wl,lstm,delta,gripper,validation,domain_dependent,all_domains,2,0.0,0.6666666666666666,0.6666666666666666,0.6666666666666666,0.6666666666666666,0,2,0.496025198740063,Paired sign-flip on per-problem seed-mean solved outcomes,1.0,False,regime::wl::lstm::delta
regime::wl::lstm::delta,wl,lstm,delta,gripper,test-interpolation,domain_dependent,all_domains,3,0.4444444444444444,0.7777777777777777,0.3333333333333333,0.0,0.6666666666666666,0,2,0.4953752312384381,Paired sign-flip on per-problem seed-mean solved outcomes,1.0,False,regime::wl::lstm::delta
regime::wl::lstm::delta,wl,lstm,delta,gripper,test-extrapolation,domain_dependent,all_domains,16,0.0,0.2708333333333333,0.2708333333333333,0.20833333333333331,0.3333333333333333,0,13,0.00014999250037498125,Paired sign-flip on per-problem seed-mean solved outcomes,0.001799910004499775,True,regime::wl::lstm::delta
regime::wl::lstm::delta,wl,lstm,delta,logistics,validation,domain_dependent,all_domains,4,0.0,0.0,0.0,0.0,0.0,0,0,1.0,Paired sign-flip on per-problem seed-mean solved outcomes,1.0,False,regime::wl::lstm::delta
regime::wl::lstm::delta,wl,lstm,delta,logistics,test-interpolation,domain_dependent,all_domains,9,0.3333333333333333,0.18518518518518517,-0.14814814814814817,-0.5185185185185186,0.2222222222222222,3,3,0.46852657367131645,Paired sign-flip on per-problem seed-mean solved outcomes,1.0,False,regime::wl::lstm::delta
regime::wl::lstm::delta,wl,lstm,delta,logistics,test-extrapolation,domain_dependent,all_domains,18,0.0,0.0,0.0,0.0,0.0,0,0,1.0,Paired sign-flip on per-problem seed-mean solved outcomes,1.0,False,regime::wl::lstm::delta
regime::wl::lstm::delta,wl,lstm,delta,visitall-from-everywhere,validation,domain_dependent,all_domains,24,0.9722222222222222,1.0,0.02777777777777778,0.0,0.06944444444444445,0,2,0.5014249287535624,Paired sign-flip on per-problem seed-mean solved outcomes,1.0,False,regime::wl::lstm::delta
regime::wl::lstm::delta,wl,lstm,delta,visitall-from-everywhere,test-interpolation,domain_dependent,all_domains,37,1.0,1.0,0.0,0.0,0.0,0,0,1.0,Paired sign-flip on per-problem seed-mean solved outcomes,1.0,False,regime::wl::lstm::delta
regime::wl::lstm::delta,wl,lstm,delta,visitall-from-everywhere,test-extrapolation,domain_dependent,all_domains,219,0.9467275494672754,0.969558599695586,0.0228310502283105,0.0030441400304414006,0.04414003044140031,11,22,0.03799810009499525,Paired sign-flip on per-problem seed-mean solved outcomes,0.37998100094995246,False,regime::wl::lstm::delta
regime::wl::xgboost::state,wl,xgboost,state,blocks,validation,domain_dependent,all_domains,3,1.0,1.0,0.0,0.0,0.0,0,0,1.0,Paired sign-flip on per-problem seed-mean solved outcomes,1.0,False,regime::wl::xgboost::state
regime::wl::xgboost::state,wl,xgboost,state,blocks,test-interpolation,domain_dependent,all_domains,3,1.0,1.0,0.0,0.0,0.0,0,0,1.0,Paired sign-flip on per-problem seed-mean solved outcomes,1.0,False,regime::wl::xgboost::state
regime::wl::xgboost::state,wl,xgboost,state,blocks,test-extrapolation,domain_dependent,all_domains,20,0.2,0.3,0.1,-0.15,0.35,2,4,0.6854657267136643,Paired sign-flip on per-problem seed-mean solved outcomes,1.0,False,regime::wl::xgboost::state
regime::wl::xgboost::state,wl,xgboost,state,gripper,validation,domain_dependent,all_domains,2,0.0,0.0,0.0,0.0,0.0,0,0,1.0,Paired sign-flip on per-problem seed-mean solved outcomes,1.0,False,regime::wl::xgboost::state
regime::wl::xgboost::state,wl,xgboost,state,gripper,test-interpolation,domain_dependent,all_domains,3,0.6666666666666666,0.3333333333333333,-0.3333333333333333,-1.0,0.0,1,0,1.0,Paired sign-flip on per-problem seed-mean solved outcomes,1.0,False,regime::wl::xgboost::state
regime::wl::xgboost::state,wl,xgboost,state,gripper,test-extrapolation,domain_dependent,all_domains,16,0.0,0.0,0.0,0.0,0.0,0,0,1.0,Paired sign-flip on per-problem seed-mean solved outcomes,1.0,False,regime::wl::xgboost::state
regime::wl::xgboost::state,wl,xgboost,state,logistics,validation,domain_dependent,all_domains,4,0.0,0.0,0.0,0.0,0.0,0,0,1.0,Paired sign-flip on per-problem seed-mean solved outcomes,1.0,False,regime::wl::xgboost::state
regime::wl::xgboost::state,wl,xgboost,state,logistics,test-interpolation,domain_dependent,all_domains,9,0.1111111111111111,0.2222222222222222,0.1111111111111111,0.0,0.3333333333333333,0,1,1.0,Paired sign-flip on per-problem seed-mean solved outcomes,1.0,False,regime::wl::xgboost::state
regime::wl::xgboost::state,wl,xgboost,state,logistics,test-extrapolation,domain_dependent,all_domains,18,0.0,0.0,0.0,0.0,0.0,0,0,1.0,Paired sign-flip on per-problem seed-mean solved outcomes,1.0,False,regime::wl::xgboost::state
regime::wl::xgboost::state,wl,xgboost,state,visitall-from-everywhere,validation,domain_dependent,all_domains,24,1.0,1.0,0.0,0.0,0.0,0,0,1.0,Paired sign-flip on per-problem seed-mean solved outcomes,1.0,False,regime::wl::xgboost::state
regime::wl::xgboost::state,wl,xgboost,state,visitall-from-everywhere,test-interpolation,domain_dependent,all_domains,37,1.0,1.0,0.0,0.0,0.0,0,0,1.0,Paired sign-flip on per-problem seed-mean solved outcomes,1.0,False,regime::wl::xgboost::state
regime::wl::xgboost::state,wl,xgboost,state,visitall-from-everywhere,test-extrapolation,domain_dependent,all_domains,219,0.1963470319634703,0.2146118721461187,0.0182648401826484,0.0,0.0410958904109589,1,5,0.2190390480475976,Paired sign-flip on per-problem seed-mean solved outcomes,1.0,False,regime::wl::xgboost::state
regime::wl::xgboost::delta,wl,xgboost,delta,blocks,validation,domain_dependent,all_domains,3,0.6666666666666666,0.6666666666666666,0.0,0.0,0.0,0,0,1.0,Paired sign-flip on per-problem seed-mean solved outcomes,1.0,False,regime::wl::xgboost::delta
regime::wl::xgboost::delta,wl,xgboost,delta,blocks,test-interpolation,domain_dependent,all_domains,3,1.0,1.0,0.0,0.0,0.0,0,0,1.0,Paired sign-flip on per-problem seed-mean solved outcomes,1.0,False,regime::wl::xgboost::delta
regime::wl::xgboost::delta,wl,xgboost,delta,blocks,test-extrapolation,domain_dependent,all_domains,20,0.7,0.6,-0.1,-0.3,0.1,3,1,0.6300684965751713,Paired sign-flip on per-problem seed-mean solved outcomes,1.0,False,regime::wl::xgboost::delta
regime::wl::xgboost::delta,wl,xgboost,delta,gripper,validation,domain_dependent,all_domains,2,1.0,0.0,-1.0,-1.0,-1.0,2,0,0.5052747362631869,Paired sign-flip on per-problem seed-mean solved outcomes,1.0,False,regime::wl::xgboost::delta
regime::wl::xgboost::delta,wl,xgboost,delta,gripper,test-interpolation,domain_dependent,all_domains,3,1.0,0.3333333333333333,-0.6666666666666666,-1.0,0.0,2,0,0.5004249787510624,Paired sign-flip on per-problem seed-mean solved outcomes,1.0,False,regime::wl::xgboost::delta
regime::wl::xgboost::delta,wl,xgboost,delta,gripper,test-extrapolation,domain_dependent,all_domains,16,1.0,0.0,-1.0,-1.0,-1.0,16,0,9.99950002499875e-05,Paired sign-flip on per-problem seed-mean solved outcomes,0.00119994000299985,True,regime::wl::xgboost::delta
regime::wl::xgboost::delta,wl,xgboost,delta,logistics,validation,domain_dependent,all_domains,4,0.0,0.0,0.0,0.0,0.0,0,0,1.0,Paired sign-flip on per-problem seed-mean solved outcomes,1.0,False,regime::wl::xgboost::delta
regime::wl::xgboost::delta,wl,xgboost,delta,logistics,test-interpolation,domain_dependent,all_domains,9,0.2222222222222222,0.2222222222222222,0.0,-0.3333333333333333,0.3333333333333333,1,1,1.0,Paired sign-flip on per-problem seed-mean solved outcomes,1.0,False,regime::wl::xgboost::delta
regime::wl::xgboost::delta,wl,xgboost,delta,logistics,test-extrapolation,domain_dependent,all_domains,18,0.0,0.0,0.0,0.0,0.0,0,0,1.0,Paired sign-flip on per-problem seed-mean solved outcomes,1.0,False,regime::wl::xgboost::delta
regime::wl::xgboost::delta,wl,xgboost,delta,visitall-from-everywhere,validation,domain_dependent,all_domains,24,1.0,1.0,0.0,0.0,0.0,0,0,1.0,Paired sign-flip on per-problem seed-mean solved outcomes,1.0,False,regime::wl::xgboost::delta
regime::wl::xgboost::delta,wl,xgboost,delta,visitall-from-everywhere,test-interpolation,domain_dependent,all_domains,37,1.0,1.0,0.0,0.0,0.0,0,0,1.0,Paired sign-flip on per-problem seed-mean solved outcomes,1.0,False,regime::wl::xgboost::delta
regime::wl::xgboost::delta,wl,xgboost,delta,visitall-from-everywhere,test-extrapolation,domain_dependent,all_domains,219,1.0,1.0,0.0,0.0,0.0,0,0,1.0,Paired sign-flip on per-problem seed-mean solved outcomes,1.0,False,regime::wl::xgboost::delta
regime::simhash::lstm::state,simhash,lstm,state,blocks,validation,domain_dependent,all_domains,3,0.0,0.0,0.0,0.0,0.0,0,0,1.0,Paired sign-flip on per-problem seed-mean solved outcomes,1.0,False,regime::simhash::lstm::state
regime::simhash::lstm::state,simhash,lstm,state,blocks,test-interpolation,domain_dependent,all_domains,3,0.1111111111111111,0.0,-0.1111111111111111,-0.3333333333333333,0.0,1,0,1.0,Paired sign-flip on per-problem seed-mean solved outcomes,1.0,False,regime::simhash::lstm::state
regime::simhash::lstm::state,simhash,lstm,state,blocks,test-extrapolation,domain_dependent,all_domains,20,0.0,0.0,0.0,0.0,0.0,0,0,1.0,Paired sign-flip on per-problem seed-mean solved outcomes,1.0,False,regime::simhash::lstm::state
regime::simhash::lstm::state,simhash,lstm,state,gripper,validation,domain_dependent,all_domains,2,0.0,0.3333333333333333,0.3333333333333333,0.0,0.6666666666666666,0,1,1.0,Paired sign-flip on per-problem seed-mean solved outcomes,1.0,False,regime::simhash::lstm::state
regime::simhash::lstm::state,simhash,lstm,state,gripper,test-interpolation,domain_dependent,all_domains,3,1.0,0.5555555555555555,-0.4444444444444445,-1.0,0.0,2,0,0.4982250887455627,Paired sign-flip on per-problem seed-mean solved outcomes,1.0,False,regime::simhash::lstm::state
regime::simhash::lstm::state,simhash,lstm,state,gripper,test-extrapolation,domain_dependent,all_domains,16,0.5,0.7916666666666666,0.29166666666666663,-0.041666666666666685,0.625,3,7,0.12834358282085895,Paired sign-flip on per-problem seed-mean solved outcomes,1.0,False,regime::simhash::lstm::state
regime::simhash::lstm::state,simhash,lstm,state,logistics,validation,domain_dependent,all_domains,4,0.0,0.0,0.0,0.0,0.0,0,0,1.0,Paired sign-flip on per-problem seed-mean solved outcomes,1.0,False,regime::simhash::lstm::state
regime::simhash::lstm::state,simhash,lstm,state,logistics,test-interpolation,domain_dependent,all_domains,9,0.2592592592592593,0.14814814814814814,-0.1111111111111111,-0.2222222222222222,0.0,3,0,0.24838758062096894,Paired sign-flip on per-problem seed-mean solved outcomes,1.0,False,regime::simhash::lstm::state
regime::simhash::lstm::state,simhash,lstm,state,logistics,test-extrapolation,domain_dependent,all_domains,18,0.0,0.0,0.0,0.0,0.0,0,0,1.0,Paired sign-flip on per-problem seed-mean solved outcomes,1.0,False,regime::simhash::lstm::state
regime::simhash::lstm::state,simhash,lstm,state,visitall-from-everywhere,validation,domain_dependent,all_domains,24,0.8194444444444443,0.8333333333333334,0.013888888888888895,-0.15277777777777776,0.18055555555555558,4,6,0.8403079846007699,Paired sign-flip on per-problem seed-mean solved outcomes,1.0,False,regime::simhash::lstm::state
regime::simhash::lstm::state,simhash,lstm,state,visitall-from-everywhere,test-interpolation,domain_dependent,all_domains,37,0.954954954954955,0.972972972972973,0.01801801801801802,-0.06306306306306306,0.09909909909909911,1,2,1.0,Paired sign-flip on per-problem seed-mean solved outcomes,1.0,False,regime::simhash::lstm::state
regime::simhash::lstm::state,simhash,lstm,state,visitall-from-everywhere,test-extrapolation,domain_dependent,all_domains,219,0.3302891933028919,0.3866057838660579,0.0563165905631659,0.009132420091324193,0.1050228310502283,28,53,0.023148842557872105,Paired sign-flip on per-problem seed-mean solved outcomes,0.27778611069446524,False,regime::simhash::lstm::state
regime::simhash::lstm::delta,simhash,lstm,delta,blocks,validation,domain_dependent,all_domains,3,0.0,0.0,0.0,0.0,0.0,0,0,1.0,Paired sign-flip on per-problem seed-mean solved outcomes,1.0,False,regime::simhash::lstm::delta
regime::simhash::lstm::delta,simhash,lstm,delta,blocks,test-interpolation,domain_dependent,all_domains,3,0.0,0.0,0.0,0.0,0.0,0,0,1.0,Paired sign-flip on per-problem seed-mean solved outcomes,1.0,False,regime::simhash::lstm::delta
regime::simhash::lstm::delta,simhash,lstm,delta,blocks,test-extrapolation,domain_dependent,all_domains,20,0.0,0.0,0.0,0.0,0.0,0,0,1.0,Paired sign-flip on per-problem seed-mean solved outcomes,1.0,False,regime::simhash::lstm::delta
regime::simhash::lstm::delta,simhash,lstm,delta,gripper,validation,domain_dependent,all_domains,2,0.0,0.5,0.5,0.0,1.0,0,1,1.0,Paired sign-flip on per-problem seed-mean solved outcomes,1.0,False,regime::simhash::lstm::delta
regime::simhash::lstm::delta,simhash,lstm,delta,gripper,test-interpolation,domain_dependent,all_domains,3,0.0,0.3333333333333333,0.3333333333333333,0.0,1.0,0,1,1.0,Paired sign-flip on per-problem seed-mean solved outcomes,1.0,False,regime::simhash::lstm::delta
regime::simhash::lstm::delta,simhash,lstm,delta,gripper,test-extrapolation,domain_dependent,all_domains,16,0.8125,0.25,-0.5625,-0.8125,-0.25,10,1,0.012899355032248387,Paired sign-flip on per-problem seed-mean solved outcomes,0.14189290535473226,False,regime::simhash::lstm::delta
regime::simhash::lstm::delta,simhash,lstm,delta,logistics,validation,domain_dependent,all_domains,4,0.0,0.0,0.0,0.0,0.0,0,0,1.0,Paired sign-flip on per-problem seed-mean solved outcomes,1.0,False,regime::simhash::lstm::delta
regime::simhash::lstm::delta,simhash,lstm,delta,logistics,test-interpolation,domain_dependent,all_domains,9,0.037037037037037035,0.07407407407407407,0.037037037037037035,0.0,0.1111111111111111,0,1,1.0,Paired sign-flip on per-problem seed-mean solved outcomes,1.0,False,regime::simhash::lstm::delta
regime::simhash::lstm::delta,simhash,lstm,delta,logistics,test-extrapolation,domain_dependent,all_domains,18,0.0,0.0,0.0,0.0,0.0,0,0,1.0,Paired sign-flip on per-problem seed-mean solved outcomes,1.0,False,regime::simhash::lstm::delta
regime::simhash::lstm::delta,simhash,lstm,delta,visitall-from-everywhere,validation,domain_dependent,all_domains,24,0.47222222222222215,0.40277777777777773,-0.06944444444444443,-0.18055555555555555,0.02777777777777778,4,2,0.3152342382880856,Paired sign-flip on per-problem seed-mean solved outcomes,1.0,False,regime::simhash::lstm::delta
regime::simhash::lstm::delta,simhash,lstm,delta,visitall-from-everywhere,test-interpolation,domain_dependent,all_domains,37,0.8198198198198198,0.7027027027027027,-0.11711711711711713,-0.22522522522522523,-0.027027027027027025,6,1,0.06389680515974201,Paired sign-flip on per-problem seed-mean solved outcomes,0.6389680515974201,False,regime::simhash::lstm::delta
regime::simhash::lstm::delta,simhash,lstm,delta,visitall-from-everywhere,test-extrapolation,domain_dependent,all_domains,219,0.1095890410958904,0.0700152207001522,-0.0395738203957382,-0.0684931506849315,-0.0106544901065449,26,8,0.009449527523623819,Paired sign-flip on per-problem seed-mean solved outcomes,0.11339433028348583,False,regime::simhash::lstm::delta
regime::simhash::xgboost::state,simhash,xgboost,state,blocks,validation,domain_dependent,all_domains,3,0.0,0.0,0.0,0.0,0.0,0,0,1.0,Paired sign-flip on per-problem seed-mean solved outcomes,1.0,False,regime::simhash::xgboost::state
regime::simhash::xgboost::state,simhash,xgboost,state,blocks,test-interpolation,domain_dependent,all_domains,3,0.0,0.0,0.0,0.0,0.0,0,0,1.0,Paired sign-flip on per-problem seed-mean solved outcomes,1.0,False,regime::simhash::xgboost::state
regime::simhash::xgboost::state,simhash,xgboost,state,blocks,test-extrapolation,domain_dependent,all_domains,20,0.0,0.0,0.0,0.0,0.0,0,0,1.0,Paired sign-flip on per-problem seed-mean solved outcomes,1.0,False,regime::simhash::xgboost::state
regime::simhash::xgboost::state,simhash,xgboost,state,gripper,validation,domain_dependent,all_domains,2,0.0,0.5,0.5,0.0,1.0,0,1,1.0,Paired sign-flip on per-problem seed-mean solved outcomes,1.0,False,regime::simhash::xgboost::state
regime::simhash::xgboost::state,simhash,xgboost,state,gripper,test-interpolation,domain_dependent,all_domains,3,1.0,0.6666666666666666,-0.3333333333333333,-1.0,0.0,1,0,1.0,Paired sign-flip on per-problem seed-mean solved outcomes,1.0,False,regime::simhash::xgboost::state
regime::simhash::xgboost::state,simhash,xgboost,state,gripper,test-extrapolation,domain_dependent,all_domains,16,0.4375,0.1875,-0.25,-0.625,0.125,7,3,0.33788310584470777,Paired sign-flip on per-problem seed-mean solved outcomes,1.0,False,regime::simhash::xgboost::state
regime::simhash::xgboost::state,simhash,xgboost,state,logistics,validation,domain_dependent,all_domains,4,0.0,0.0,0.0,0.0,0.0,0,0,1.0,Paired sign-flip on per-problem seed-mean solved outcomes,1.0,False,regime::simhash::xgboost::state
regime::simhash::xgboost::state,simhash,xgboost,state,logistics,test-interpolation,domain_dependent,all_domains,9,0.3333333333333333,0.0,-0.3333333333333333,-0.6666666666666666,0.0,3,0,0.255787210639468,Paired sign-flip on per-problem seed-mean solved outcomes,1.0,False,regime::simhash::xgboost::state
regime::simhash::xgboost::state,simhash,xgboost,state,logistics,test-extrapolation,domain_dependent,all_domains,18,0.0,0.0,0.0,0.0,0.0,0,0,1.0,Paired sign-flip on per-problem seed-mean solved outcomes,1.0,False,regime::simhash::xgboost::state
regime::simhash::xgboost::state,simhash,xgboost,state,visitall-from-everywhere,validation,domain_dependent,all_domains,24,0.625,0.6666666666666666,0.041666666666666664,-0.20833333333333334,0.2916666666666667,4,5,1.0,Paired sign-flip on per-problem seed-mean solved outcomes,1.0,False,regime::simhash::xgboost::state
regime::simhash::xgboost::state,simhash,xgboost,state,visitall-from-everywhere,test-interpolation,domain_dependent,all_domains,37,0.8918918918918919,0.8108108108108109,-0.08108108108108109,-0.24324324324324326,0.08108108108108109,6,3,0.512674366281686,Paired sign-flip on per-problem seed-mean solved outcomes,1.0,False,regime::simhash::xgboost::state
regime::simhash::xgboost::state,simhash,xgboost,state,visitall-from-everywhere,test-extrapolation,domain_dependent,all_domains,219,0.3013698630136986,0.2785388127853881,-0.0228310502283105,-0.0821917808219178,0.0365296803652968,26,21,0.5594720263986801,Paired sign-flip on per-problem seed-mean solved outcomes,1.0,False,regime::simhash::xgboost::state
regime::simhash::xgboost::delta,simhash,xgboost,delta,blocks,validation,domain_dependent,all_domains,3,0.0,0.0,0.0,0.0,0.0,0,0,1.0,Paired sign-flip on per-problem seed-mean solved outcomes,1.0,False,regime::simhash::xgboost::delta
regime::simhash::xgboost::delta,simhash,xgboost,delta,blocks,test-interpolation,domain_dependent,all_domains,3,0.0,0.0,0.0,0.0,0.0,0,0,1.0,Paired sign-flip on per-problem seed-mean solved outcomes,1.0,False,regime::simhash::xgboost::delta
regime::simhash::xgboost::delta,simhash,xgboost,delta,blocks,test-extrapolation,domain_dependent,all_domains,20,0.0,0.0,0.0,0.0,0.0,0,0,1.0,Paired sign-flip on per-problem seed-mean solved outcomes,1.0,False,regime::simhash::xgboost::delta
regime::simhash::xgboost::delta,simhash,xgboost,delta,gripper,validation,domain_dependent,all_domains,2,0.0,0.5,0.5,0.0,1.0,0,1,1.0,Paired sign-flip on per-problem seed-mean solved outcomes,1.0,False,regime::simhash::xgboost::delta
regime::simhash::xgboost::delta,simhash,xgboost,delta,gripper,test-interpolation,domain_dependent,all_domains,3,0.0,0.3333333333333333,0.3333333333333333,0.0,1.0,0,1,1.0,Paired sign-flip on per-problem seed-mean solved outcomes,1.0,False,regime::simhash::xgboost::delta
regime::simhash::xgboost::delta,simhash,xgboost,delta,gripper,test-extrapolation,domain_dependent,all_domains,16,0.8125,0.375,-0.4375,-0.75,-0.125,8,1,0.03819809009549523,Paired sign-flip on per-problem seed-mean solved outcomes,0.4201789910504475,False,regime::simhash::xgboost::delta
regime::simhash::xgboost::delta,simhash,xgboost,delta,logistics,validation,domain_dependent,all_domains,4,0.0,0.0,0.0,0.0,0.0,0,0,1.0,Paired sign-flip on per-problem seed-mean solved outcomes,1.0,False,regime::simhash::xgboost::delta
regime::simhash::xgboost::delta,simhash,xgboost,delta,logistics,test-interpolation,domain_dependent,all_domains,9,0.1111111111111111,0.0,-0.1111111111111111,-0.3333333333333333,0.0,1,0,1.0,Paired sign-flip on per-problem seed-mean solved outcomes,1.0,False,regime::simhash::xgboost::delta
regime::simhash::xgboost::delta,simhash,xgboost,delta,logistics,test-extrapolation,domain_dependent,all_domains,18,0.0,0.0,0.0,0.0,0.0,0,0,1.0,Paired sign-flip on per-problem seed-mean solved outcomes,1.0,False,regime::simhash::xgboost::delta
regime::simhash::xgboost::delta,simhash,xgboost,delta,visitall-from-everywhere,validation,domain_dependent,all_domains,24,0.4166666666666667,0.4583333333333333,0.041666666666666664,-0.08333333333333333,0.16666666666666666,1,2,1.0,Paired sign-flip on per-problem seed-mean solved outcomes,1.0,False,regime::simhash::xgboost::delta
regime::simhash::xgboost::delta,simhash,xgboost,delta,visitall-from-everywhere,test-interpolation,domain_dependent,all_domains,37,0.8108108108108109,0.7027027027027027,-0.10810810810810811,-0.21621621621621623,-0.02702702702702703,4,0,0.12814359282035898,Paired sign-flip on per-problem seed-mean solved outcomes,1.0,False,regime::simhash::xgboost::delta
regime::simhash::xgboost::delta,simhash,xgboost,delta,visitall-from-everywhere,test-extrapolation,domain_dependent,all_domains,219,0.1187214611872146,0.0639269406392694,-0.0547945205479452,-0.0958904109589041,-0.0136986301369863,17,5,0.017699115044247787,Paired sign-flip on per-problem seed-mean solved outcomes,0.21238938053097345,False,regime::simhash::xgboost::delta
regime::shortest_path::lstm::state,shortest_path,lstm,state,blocks,validation,domain_dependent,all_domains,3,0.0,0.0,0.0,0.0,0.0,0,0,1.0,Paired sign-flip on per-problem seed-mean solved outcomes,1.0,False,regime::shortest_path::lstm::state
regime::shortest_path::lstm::state,shortest_path,lstm,state,blocks,test-interpolation,domain_dependent,all_domains,3,0.0,0.0,0.0,0.0,0.0,0,0,1.0,Paired sign-flip on per-problem seed-mean solved outcomes,1.0,False,regime::shortest_path::lstm::state
regime::shortest_path::lstm::state,shortest_path,lstm,state,blocks,test-extrapolation,domain_dependent,all_domains,20,0.0,0.0,0.0,0.0,0.0,0,0,1.0,Paired sign-flip on per-problem seed-mean solved outcomes,1.0,False,regime::shortest_path::lstm::state
regime::shortest_path::lstm::state,shortest_path,lstm,state,gripper,validation,domain_dependent,all_domains,2,0.0,0.0,0.0,0.0,0.0,0,0,1.0,Paired sign-flip on per-problem seed-mean solved outcomes,1.0,False,regime::shortest_path::lstm::state
regime::shortest_path::lstm::state,shortest_path,lstm,state,gripper,test-interpolation,domain_dependent,all_domains,3,0.7777777777777778,0.8888888888888888,0.1111111111111111,0.0,0.3333333333333333,0,1,1.0,Paired sign-flip on per-problem seed-mean solved outcomes,1.0,False,regime::shortest_path::lstm::state
regime::shortest_path::lstm::state,shortest_path,lstm,state,gripper,test-extrapolation,domain_dependent,all_domains,16,0.0,0.0,0.0,0.0,0.0,0,0,1.0,Paired sign-flip on per-problem seed-mean solved outcomes,1.0,False,regime::shortest_path::lstm::state
regime::shortest_path::lstm::state,shortest_path,lstm,state,logistics,validation,domain_dependent,all_domains,4,0.0,0.0,0.0,0.0,0.0,0,0,1.0,Paired sign-flip on per-problem seed-mean solved outcomes,1.0,False,regime::shortest_path::lstm::state
regime::shortest_path::lstm::state,shortest_path,lstm,state,logistics,test-interpolation,domain_dependent,all_domains,9,0.2222222222222222,0.2222222222222222,0.0,0.0,0.0,0,0,1.0,Paired sign-flip on per-problem seed-mean solved outcomes,1.0,False,regime::shortest_path::lstm::state
regime::shortest_path::lstm::state,shortest_path,lstm,state,logistics,test-extrapolation,domain_dependent,all_domains,18,0.0,0.0,0.0,0.0,0.0,0,0,1.0,Paired sign-flip on per-problem seed-mean solved outcomes,1.0,False,regime::shortest_path::lstm::state
regime::shortest_path::lstm::state,shortest_path,lstm,state,visitall-from-everywhere,validation,domain_dependent,all_domains,24,1.0,1.0,0.0,0.0,0.0,0,0,1.0,Paired sign-flip on per-problem seed-mean solved outcomes,1.0,False,regime::shortest_path::lstm::state
regime::shortest_path::lstm::state,shortest_path,lstm,state,visitall-from-everywhere,test-interpolation,domain_dependent,all_domains,37,1.0,1.0,0.0,0.0,0.0,0,0,1.0,Paired sign-flip on per-problem seed-mean solved outcomes,1.0,False,regime::shortest_path::lstm::state
regime::shortest_path::lstm::state,shortest_path,lstm,state,visitall-from-everywhere,test-extrapolation,domain_dependent,all_domains,219,1.0,1.0,0.0,0.0,0.0,0,0,1.0,Paired sign-flip on per-problem seed-mean solved outcomes,1.0,False,regime::shortest_path::lstm::state
regime::shortest_path::lstm::delta,shortest_path,lstm,delta,blocks,validation,domain_dependent,all_domains,3,0.0,0.0,0.0,0.0,0.0,0,0,1.0,Paired sign-flip on per-problem seed-mean solved outcomes,1.0,False,regime::shortest_path::lstm::delta
regime::shortest_path::lstm::delta,shortest_path,lstm,delta,blocks,test-interpolation,domain_dependent,all_domains,3,0.0,0.0,0.0,0.0,0.0,0,0,1.0,Paired sign-flip on per-problem seed-mean solved outcomes,1.0,False,regime::shortest_path::lstm::delta
regime::shortest_path::lstm::delta,shortest_path,lstm,delta,blocks,test-extrapolation,domain_dependent,all_domains,20,0.0,0.0,0.0,0.0,0.0,0,0,1.0,Paired sign-flip on per-problem seed-mean solved outcomes,1.0,False,regime::shortest_path::lstm::delta
regime::shortest_path::lstm::delta,shortest_path,lstm,delta,gripper,validation,domain_dependent,all_domains,2,1.0,0.5,-0.5,-0.6666666666666667,-0.33333333333333337,2,0,0.495975201239938,Paired sign-flip on per-problem seed-mean solved outcomes,1.0,False,regime::shortest_path::lstm::delta
regime::shortest_path::lstm::delta,shortest_path,lstm,delta,gripper,test-interpolation,domain_dependent,all_domains,3,0.8888888888888888,0.6666666666666666,-0.22222222222222224,-0.3333333333333333,0.0,2,0,0.49972501374931255,Paired sign-flip on per-problem seed-mean solved outcomes,1.0,False,regime::shortest_path::lstm::delta
regime::shortest_path::lstm::delta,shortest_path,lstm,delta,gripper,test-extrapolation,domain_dependent,all_domains,16,0.125,0.020833333333333332,-0.10416666666666666,-0.20833333333333334,-0.020833333333333332,4,0,0.12584370781460927,Paired sign-flip on per-problem seed-mean solved outcomes,1.0,False,regime::shortest_path::lstm::delta
regime::shortest_path::lstm::delta,shortest_path,lstm,delta,logistics,validation,domain_dependent,all_domains,4,0.0,0.0,0.0,0.0,0.0,0,0,1.0,Paired sign-flip on per-problem seed-mean solved outcomes,1.0,False,regime::shortest_path::lstm::delta
regime::shortest_path::lstm::delta,shortest_path,lstm,delta,logistics,test-interpolation,domain_dependent,all_domains,9,0.18518518518518517,0.25925925925925924,0.07407407407407408,0.0,0.18518518518518517,0,2,0.4937753112344383,Paired sign-flip on per-problem seed-mean solved outcomes,1.0,False,regime::shortest_path::lstm::delta
regime::shortest_path::lstm::delta,shortest_path,lstm,delta,logistics,test-extrapolation,domain_dependent,all_domains,18,0.0,0.0,0.0,0.0,0.0,0,0,1.0,Paired sign-flip on per-problem seed-mean solved outcomes,1.0,False,regime::shortest_path::lstm::delta
regime::shortest_path::lstm::delta,shortest_path,lstm,delta,visitall-from-everywhere,validation,domain_dependent,all_domains,24,1.0,0.9583333333333334,-0.041666666666666664,-0.08333333333333336,0.0,3,0,0.2549372531373431,Paired sign-flip on per-problem seed-mean solved outcomes,1.0,False,regime::shortest_path::lstm::delta
regime::shortest_path::lstm::delta,shortest_path,lstm,delta,visitall-from-everywhere,test-interpolation,domain_dependent,all_domains,37,1.0,1.0,0.0,0.0,0.0,0,0,1.0,Paired sign-flip on per-problem seed-mean solved outcomes,1.0,False,regime::shortest_path::lstm::delta
regime::shortest_path::lstm::delta,shortest_path,lstm,delta,visitall-from-everywhere,test-extrapolation,domain_dependent,all_domains,219,0.9954337899543378,0.9923896499238964,-0.0030441400304414006,-0.010654490106544902,0.0045662100456621,4,2,0.5016249187540623,Paired sign-flip on per-problem seed-mean solved outcomes,1.0,False,regime::shortest_path::lstm::delta
regime::shortest_path::xgboost::state,shortest_path,xgboost,state,blocks,validation,domain_dependent,all_domains,3,0.0,0.0,0.0,0.0,0.0,0,0,1.0,Paired sign-flip on per-problem seed-mean solved outcomes,1.0,False,regime::shortest_path::xgboost::state
regime::shortest_path::xgboost::state,shortest_path,xgboost,state,blocks,test-interpolation,domain_dependent,all_domains,3,0.0,0.0,0.0,0.0,0.0,0,0,1.0,Paired sign-flip on per-problem seed-mean solved outcomes,1.0,False,regime::shortest_path::xgboost::state
regime::shortest_path::xgboost::state,shortest_path,xgboost,state,blocks,test-extrapolation,domain_dependent,all_domains,20,0.0,0.0,0.0,0.0,0.0,0,0,1.0,Paired sign-flip on per-problem seed-mean solved outcomes,1.0,False,regime::shortest_path::xgboost::state
regime::shortest_path::xgboost::state,shortest_path,xgboost,state,gripper,validation,domain_dependent,all_domains,2,0.5,1.0,0.5,0.0,1.0,0,1,1.0,Paired sign-flip on per-problem seed-mean solved outcomes,1.0,False,regime::shortest_path::xgboost::state
regime::shortest_path::xgboost::state,shortest_path,xgboost,state,gripper,test-interpolation,domain_dependent,all_domains,3,1.0,0.6666666666666666,-0.3333333333333333,-1.0,0.0,1,0,1.0,Paired sign-flip on per-problem seed-mean solved outcomes,1.0,False,regime::shortest_path::xgboost::state
regime::shortest_path::xgboost::state,shortest_path,xgboost,state,gripper,test-extrapolation,domain_dependent,all_domains,16,0.0,0.625,0.625,0.375,0.875,0,10,0.002199890005499725,Paired sign-flip on per-problem seed-mean solved outcomes,0.026398680065996702,True,regime::shortest_path::xgboost::state
regime::shortest_path::xgboost::state,shortest_path,xgboost,state,logistics,validation,domain_dependent,all_domains,4,0.0,0.0,0.0,0.0,0.0,0,0,1.0,Paired sign-flip on per-problem seed-mean solved outcomes,1.0,False,regime::shortest_path::xgboost::state
regime::shortest_path::xgboost::state,shortest_path,xgboost,state,logistics,test-interpolation,domain_dependent,all_domains,9,0.2222222222222222,0.2222222222222222,0.0,0.0,0.0,0,0,1.0,Paired sign-flip on per-problem seed-mean solved outcomes,1.0,False,regime::shortest_path::xgboost::state
regime::shortest_path::xgboost::state,shortest_path,xgboost,state,logistics,test-extrapolation,domain_dependent,all_domains,18,0.0,0.0,0.0,0.0,0.0,0,0,1.0,Paired sign-flip on per-problem seed-mean solved outcomes,1.0,False,regime::shortest_path::xgboost::state
regime::shortest_path::xgboost::state,shortest_path,xgboost,state,visitall-from-everywhere,validation,domain_dependent,all_domains,24,1.0,1.0,0.0,0.0,0.0,0,0,1.0,Paired sign-flip on per-problem seed-mean solved outcomes,1.0,False,regime::shortest_path::xgboost::state
regime::shortest_path::xgboost::state,shortest_path,xgboost,state,visitall-from-everywhere,test-interpolation,domain_dependent,all_domains,37,1.0,1.0,0.0,0.0,0.0,0,0,1.0,Paired sign-flip on per-problem seed-mean solved outcomes,1.0,False,regime::shortest_path::xgboost::state
regime::shortest_path::xgboost::state,shortest_path,xgboost,state,visitall-from-everywhere,test-extrapolation,domain_dependent,all_domains,219,0.9497716894977168,0.9680365296803652,0.0182648401826484,-0.0182648401826484,0.0547945205479452,6,10,0.456327183640818,Paired sign-flip on per-problem seed-mean solved outcomes,1.0,False,regime::shortest_path::xgboost::state
regime::shortest_path::xgboost::delta,shortest_path,xgboost,delta,blocks,validation,domain_dependent,all_domains,3,0.0,0.0,0.0,0.0,0.0,0,0,1.0,Paired sign-flip on per-problem seed-mean solved outcomes,1.0,False,regime::shortest_path::xgboost::delta
regime::shortest_path::xgboost::delta,shortest_path,xgboost,delta,blocks,test-interpolation,domain_dependent,all_domains,3,0.0,0.0,0.0,0.0,0.0,0,0,1.0,Paired sign-flip on per-problem seed-mean solved outcomes,1.0,False,regime::shortest_path::xgboost::delta
regime::shortest_path::xgboost::delta,shortest_path,xgboost,delta,blocks,test-extrapolation,domain_dependent,all_domains,20,0.0,0.0,0.0,0.0,0.0,0,0,1.0,Paired sign-flip on per-problem seed-mean solved outcomes,1.0,False,regime::shortest_path::xgboost::delta
regime::shortest_path::xgboost::delta,shortest_path,xgboost,delta,gripper,validation,domain_dependent,all_domains,2,0.0,0.5,0.5,0.0,1.0,0,1,1.0,Paired sign-flip on per-problem seed-mean solved outcomes,1.0,False,regime::shortest_path::xgboost::delta
regime::shortest_path::xgboost::delta,shortest_path,xgboost,delta,gripper,test-interpolation,domain_dependent,all_domains,3,0.0,1.0,1.0,1.0,1.0,0,3,0.2495375231238438,Paired sign-flip on per-problem seed-mean solved outcomes,1.0,False,regime::shortest_path::xgboost::delta
regime::shortest_path::xgboost::delta,shortest_path,xgboost,delta,gripper,test-extrapolation,domain_dependent,all_domains,16,0.0,0.0,0.0,0.0,0.0,0,0,1.0,Paired sign-flip on per-problem seed-mean solved outcomes,1.0,False,regime::shortest_path::xgboost::delta
regime::shortest_path::xgboost::delta,shortest_path,xgboost,delta,logistics,validation,domain_dependent,all_domains,4,0.0,0.0,0.0,0.0,0.0,0,0,1.0,Paired sign-flip on per-problem seed-mean solved outcomes,1.0,False,regime::shortest_path::xgboost::delta
regime::shortest_path::xgboost::delta,shortest_path,xgboost,delta,logistics,test-interpolation,domain_dependent,all_domains,9,0.1111111111111111,0.0,-0.1111111111111111,-0.3333333333333333,0.0,1,0,1.0,Paired sign-flip on per-problem seed-mean solved outcomes,1.0,False,regime::shortest_path::xgboost::delta
regime::shortest_path::xgboost::delta,shortest_path,xgboost,delta,logistics,test-extrapolation,domain_dependent,all_domains,18,0.0,0.0,0.0,0.0,0.0,0,0,1.0,Paired sign-flip on per-problem seed-mean solved outcomes,1.0,False,regime::shortest_path::xgboost::delta
regime::shortest_path::xgboost::delta,shortest_path,xgboost,delta,visitall-from-everywhere,validation,domain_dependent,all_domains,24,1.0,1.0,0.0,0.0,0.0,0,0,1.0,Paired sign-flip on per-problem seed-mean solved outcomes,1.0,False,regime::shortest_path::xgboost::delta
regime::shortest_path::xgboost::delta,shortest_path,xgboost,delta,visitall-from-everywhere,test-interpolation,domain_dependent,all_domains,37,1.0,1.0,0.0,0.0,0.0,0,0,1.0,Paired sign-flip on per-problem seed-mean solved outcomes,1.0,False,regime::shortest_path::xgboost::delta
regime::shortest_path::xgboost::delta,shortest_path,xgboost,delta,visitall-from-everywhere,test-extrapolation,domain_dependent,all_domains,219,1.0,1.0,0.0,0.0,0.0,0,0,1.0,Paired sign-flip on per-problem seed-mean solved outcomes,1.0,False,regime::shortest_path::xgboost::delta
regime::graphbpe::lstm::state,graphbpe,lstm,state,blocks,validation,domain_dependent,all_domains,3,0.0,0.0,0.0,0.0,0.0,0,0,1.0,Paired sign-flip on per-problem seed-mean solved outcomes,1.0,False,regime::graphbpe::lstm::state
regime::graphbpe::lstm::state,graphbpe,lstm,state,blocks,test-interpolation,domain_dependent,all_domains,3,0.3333333333333333,0.7777777777777777,0.4444444444444444,0.3333333333333333,0.6666666666666666,0,3,0.24303784810759463,Paired sign-flip on per-problem seed-mean solved outcomes,1.0,False,regime::graphbpe::lstm::state
regime::graphbpe::lstm::state,graphbpe,lstm,state,blocks,test-extrapolation,domain_dependent,all_domains,20,0.0,0.0,0.0,0.0,0.0,0,0,1.0,Paired sign-flip on per-problem seed-mean solved outcomes,1.0,False,regime::graphbpe::lstm::state
regime::graphbpe::lstm::state,graphbpe,lstm,state,gripper,validation,domain_dependent,all_domains,2,1.0,1.0,0.0,0.0,0.0,0,0,1.0,Paired sign-flip on per-problem seed-mean solved outcomes,1.0,False,regime::graphbpe::lstm::state
regime::graphbpe::lstm::state,graphbpe,lstm,state,gripper,test-interpolation,domain_dependent,all_domains,3,1.0,1.0,0.0,0.0,0.0,0,0,1.0,Paired sign-flip on per-problem seed-mean solved outcomes,1.0,False,regime::graphbpe::lstm::state
regime::graphbpe::lstm::state,graphbpe,lstm,state,gripper,test-extrapolation,domain_dependent,all_domains,16,1.0,1.0,0.0,0.0,0.0,0,0,1.0,Paired sign-flip on per-problem seed-mean solved outcomes,1.0,False,regime::graphbpe::lstm::state
regime::graphbpe::lstm::state,graphbpe,lstm,state,logistics,validation,domain_dependent,all_domains,4,0.0,0.0,0.0,0.0,0.0,0,0,1.0,Paired sign-flip on per-problem seed-mean solved outcomes,1.0,False,regime::graphbpe::lstm::state
regime::graphbpe::lstm::state,graphbpe,lstm,state,logistics,test-interpolation,domain_dependent,all_domains,9,0.1111111111111111,0.1111111111111111,0.0,0.0,0.0,0,0,1.0,Paired sign-flip on per-problem seed-mean solved outcomes,1.0,False,regime::graphbpe::lstm::state
regime::graphbpe::lstm::state,graphbpe,lstm,state,logistics,test-extrapolation,domain_dependent,all_domains,18,0.0,0.0,0.0,0.0,0.0,0,0,1.0,Paired sign-flip on per-problem seed-mean solved outcomes,1.0,False,regime::graphbpe::lstm::state
regime::graphbpe::lstm::state,graphbpe,lstm,state,visitall-from-everywhere,validation,domain_dependent,all_domains,24,0.5416666666666666,0.5416666666666666,0.0,0.0,0.0,0,0,1.0,Paired sign-flip on per-problem seed-mean solved outcomes,1.0,False,regime::graphbpe::lstm::state
regime::graphbpe::lstm::state,graphbpe,lstm,state,visitall-from-everywhere,test-interpolation,domain_dependent,all_domains,37,0.7567567567567568,0.7567567567567568,0.0,0.0,0.0,0,0,1.0,Paired sign-flip on per-problem seed-mean solved outcomes,1.0,False,regime::graphbpe::lstm::state
regime::graphbpe::lstm::state,graphbpe,lstm,state,visitall-from-everywhere,test-extrapolation,domain_dependent,all_domains,219,0.0958904109589041,0.0958904109589041,0.0,0.0,0.0,0,0,1.0,Paired sign-flip on per-problem seed-mean solved outcomes,1.0,False,regime::graphbpe::lstm::state
regime::graphbpe::lstm::delta,graphbpe,lstm,delta,blocks,validation,domain_dependent,all_domains,3,0.0,0.0,0.0,0.0,0.0,0,0,1.0,Paired sign-flip on per-problem seed-mean solved outcomes,1.0,False,regime::graphbpe::lstm::delta
regime::graphbpe::lstm::delta,graphbpe,lstm,delta,blocks,test-interpolation,domain_dependent,all_domains,3,0.1111111111111111,0.5555555555555555,0.4444444444444444,0.3333333333333333,0.6666666666666666,0,3,0.2600369981500925,Paired sign-flip on per-problem seed-mean solved outcomes,1.0,False,regime::graphbpe::lstm::delta
regime::graphbpe::lstm::delta,graphbpe,lstm,delta,blocks,test-extrapolation,domain_dependent,all_domains,20,0.0,0.0,0.0,0.0,0.0,0,0,1.0,Paired sign-flip on per-problem seed-mean solved outcomes,1.0,False,regime::graphbpe::lstm::delta
regime::graphbpe::lstm::delta,graphbpe,lstm,delta,gripper,validation,domain_dependent,all_domains,2,1.0,1.0,0.0,0.0,0.0,0,0,1.0,Paired sign-flip on per-problem seed-mean solved outcomes,1.0,False,regime::graphbpe::lstm::delta
regime::graphbpe::lstm::delta,graphbpe,lstm,delta,gripper,test-interpolation,domain_dependent,all_domains,3,1.0,1.0,0.0,0.0,0.0,0,0,1.0,Paired sign-flip on per-problem seed-mean solved outcomes,1.0,False,regime::graphbpe::lstm::delta
regime::graphbpe::lstm::delta,graphbpe,lstm,delta,gripper,test-extrapolation,domain_dependent,all_domains,16,1.0,0.8541666666666666,-0.14583333333333334,-0.22916666666666669,-0.0625,7,0,0.015099245037748113,Paired sign-flip on per-problem seed-mean solved outcomes,0.18119094045297734,False,regime::graphbpe::lstm::delta
regime::graphbpe::lstm::delta,graphbpe,lstm,delta,logistics,validation,domain_dependent,all_domains,4,0.0,0.0,0.0,0.0,0.0,0,0,1.0,Paired sign-flip on per-problem seed-mean solved outcomes,1.0,False,regime::graphbpe::lstm::delta
regime::graphbpe::lstm::delta,graphbpe,lstm,delta,logistics,test-interpolation,domain_dependent,all_domains,9,0.1111111111111111,0.1111111111111111,0.0,0.0,0.0,0,0,1.0,Paired sign-flip on per-problem seed-mean solved outcomes,1.0,False,regime::graphbpe::lstm::delta
regime::graphbpe::lstm::delta,graphbpe,lstm,delta,logistics,test-extrapolation,domain_dependent,all_domains,18,0.0,0.0,0.0,0.0,0.0,0,0,1.0,Paired sign-flip on per-problem seed-mean solved outcomes,1.0,False,regime::graphbpe::lstm::delta
regime::graphbpe::lstm::delta,graphbpe,lstm,delta,visitall-from-everywhere,validation,domain_dependent,all_domains,24,0.5416666666666666,0.5416666666666666,0.0,0.0,0.0,0,0,1.0,Paired sign-flip on per-problem seed-mean solved outcomes,1.0,False,regime::graphbpe::lstm::delta
regime::graphbpe::lstm::delta,graphbpe,lstm,delta,visitall-from-everywhere,test-interpolation,domain_dependent,all_domains,37,0.7567567567567568,0.7567567567567568,0.0,0.0,0.0,0,0,1.0,Paired sign-flip on per-problem seed-mean solved outcomes,1.0,False,regime::graphbpe::lstm::delta
regime::graphbpe::lstm::delta,graphbpe,lstm,delta,visitall-from-everywhere,test-extrapolation,domain_dependent,all_domains,219,0.0958904109589041,0.0958904109589041,0.0,0.0,0.0,0,0,1.0,Paired sign-flip on per-problem seed-mean solved outcomes,1.0,False,regime::graphbpe::lstm::delta
regime::graphbpe::xgboost::state,graphbpe,xgboost,state,blocks,validation,domain_dependent,all_domains,3,0.0,0.0,0.0,0.0,0.0,0,0,1.0,Paired sign-flip on per-problem seed-mean solved outcomes,1.0,False,regime::graphbpe::xgboost::state
regime::graphbpe::xgboost::state,graphbpe,xgboost,state,blocks,test-interpolation,domain_dependent,all_domains,3,0.0,0.7777777777777777,0.7777777777777777,0.3333333333333333,1.0,0,3,0.25168741562921854,Paired sign-flip on per-problem seed-mean solved outcomes,1.0,False,regime::graphbpe::xgboost::state
regime::graphbpe::xgboost::state,graphbpe,xgboost,state,blocks,test-extrapolation,domain_dependent,all_domains,20,0.0,0.0,0.0,0.0,0.0,0,0,1.0,Paired sign-flip on per-problem seed-mean solved outcomes,1.0,False,regime::graphbpe::xgboost::state
regime::graphbpe::xgboost::state,graphbpe,xgboost,state,gripper,validation,domain_dependent,all_domains,2,1.0,1.0,0.0,0.0,0.0,0,0,1.0,Paired sign-flip on per-problem seed-mean solved outcomes,1.0,False,regime::graphbpe::xgboost::state
regime::graphbpe::xgboost::state,graphbpe,xgboost,state,gripper,test-interpolation,domain_dependent,all_domains,3,1.0,1.0,0.0,0.0,0.0,0,0,1.0,Paired sign-flip on per-problem seed-mean solved outcomes,1.0,False,regime::graphbpe::xgboost::state
regime::graphbpe::xgboost::state,graphbpe,xgboost,state,gripper,test-extrapolation,domain_dependent,all_domains,16,1.0,1.0,0.0,0.0,0.0,0,0,1.0,Paired sign-flip on per-problem seed-mean solved outcomes,1.0,False,regime::graphbpe::xgboost::state
regime::graphbpe::xgboost::state,graphbpe,xgboost,state,logistics,validation,domain_dependent,all_domains,4,0.0,0.0,0.0,0.0,0.0,0,0,1.0,Paired sign-flip on per-problem seed-mean solved outcomes,1.0,False,regime::graphbpe::xgboost::state
regime::graphbpe::xgboost::state,graphbpe,xgboost,state,logistics,test-interpolation,domain_dependent,all_domains,9,0.2222222222222222,0.2222222222222222,0.0,0.0,0.0,0,0,1.0,Paired sign-flip on per-problem seed-mean solved outcomes,1.0,False,regime::graphbpe::xgboost::state
regime::graphbpe::xgboost::state,graphbpe,xgboost,state,logistics,test-extrapolation,domain_dependent,all_domains,18,0.0,0.0,0.0,0.0,0.0,0,0,1.0,Paired sign-flip on per-problem seed-mean solved outcomes,1.0,False,regime::graphbpe::xgboost::state
regime::graphbpe::xgboost::state,graphbpe,xgboost,state,visitall-from-everywhere,validation,domain_dependent,all_domains,24,0.5416666666666666,0.5416666666666666,0.0,0.0,0.0,0,0,1.0,Paired sign-flip on per-problem seed-mean solved outcomes,1.0,False,regime::graphbpe::xgboost::state
regime::graphbpe::xgboost::state,graphbpe,xgboost,state,visitall-from-everywhere,test-interpolation,domain_dependent,all_domains,37,0.7567567567567568,0.7567567567567568,0.0,0.0,0.0,0,0,1.0,Paired sign-flip on per-problem seed-mean solved outcomes,1.0,False,regime::graphbpe::xgboost::state
regime::graphbpe::xgboost::state,graphbpe,xgboost,state,visitall-from-everywhere,test-extrapolation,domain_dependent,all_domains,219,0.0958904109589041,0.0958904109589041,0.0,0.0,0.0,0,0,1.0,Paired sign-flip on per-problem seed-mean solved outcomes,1.0,False,regime::graphbpe::xgboost::state
regime::graphbpe::xgboost::delta,graphbpe,xgboost,delta,blocks,validation,domain_dependent,all_domains,3,0.0,0.0,0.0,0.0,0.0,0,0,1.0,Paired sign-flip on per-problem seed-mean solved outcomes,1.0,False,regime::graphbpe::xgboost::delta
regime::graphbpe::xgboost::delta,graphbpe,xgboost,delta,blocks,test-interpolation,domain_dependent,all_domains,3,0.0,1.0,1.0,1.0,1.0,0,3,0.24853757312134395,Paired sign-flip on per-problem seed-mean solved outcomes,1.0,False,regime::graphbpe::xgboost::delta
regime::graphbpe::xgboost::delta,graphbpe,xgboost,delta,blocks,test-extrapolation,domain_dependent,all_domains,20,0.0,0.0,0.0,0.0,0.0,0,0,1.0,Paired sign-flip on per-problem seed-mean solved outcomes,1.0,False,regime::graphbpe::xgboost::delta
regime::graphbpe::xgboost::delta,graphbpe,xgboost,delta,gripper,validation,domain_dependent,all_domains,2,1.0,1.0,0.0,0.0,0.0,0,0,1.0,Paired sign-flip on per-problem seed-mean solved outcomes,1.0,False,regime::graphbpe::xgboost::delta
regime::graphbpe::xgboost::delta,graphbpe,xgboost,delta,gripper,test-interpolation,domain_dependent,all_domains,3,1.0,1.0,0.0,0.0,0.0,0,0,1.0,Paired sign-flip on per-problem seed-mean solved outcomes,1.0,False,regime::graphbpe::xgboost::delta
regime::graphbpe::xgboost::delta,graphbpe,xgboost,delta,gripper,test-extrapolation,domain_dependent,all_domains,16,1.0,1.0,0.0,0.0,0.0,0,0,1.0,Paired sign-flip on per-problem seed-mean solved outcomes,1.0,False,regime::graphbpe::xgboost::delta
regime::graphbpe::xgboost::delta,graphbpe,xgboost,delta,logistics,validation,domain_dependent,all_domains,4,0.0,0.0,0.0,0.0,0.0,0,0,1.0,Paired sign-flip on per-problem seed-mean solved outcomes,1.0,False,regime::graphbpe::xgboost::delta
regime::graphbpe::xgboost::delta,graphbpe,xgboost,delta,logistics,test-interpolation,domain_dependent,all_domains,9,0.2222222222222222,0.2222222222222222,0.0,0.0,0.0,0,0,1.0,Paired sign-flip on per-problem seed-mean solved outcomes,1.0,False,regime::graphbpe::xgboost::delta
regime::graphbpe::xgboost::delta,graphbpe,xgboost,delta,logistics,test-extrapolation,domain_dependent,all_domains,18,0.0,0.0,0.0,0.0,0.0,0,0,1.0,Paired sign-flip on per-problem seed-mean solved outcomes,1.0,False,regime::graphbpe::xgboost::delta
regime::graphbpe::xgboost::delta,graphbpe,xgboost,delta,visitall-from-everywhere,validation,domain_dependent,all_domains,24,0.5416666666666666,0.5416666666666666,0.0,0.0,0.0,0,0,1.0,Paired sign-flip on per-problem seed-mean solved outcomes,1.0,False,regime::graphbpe::xgboost::delta
regime::graphbpe::xgboost::delta,graphbpe,xgboost,delta,visitall-from-everywhere,test-interpolation,domain_dependent,all_domains,37,0.7567567567567568,0.7567567567567568,0.0,0.0,0.0,0,0,1.0,Paired sign-flip on per-problem seed-mean solved outcomes,1.0,False,regime::graphbpe::xgboost::delta
regime::graphbpe::xgboost::delta,graphbpe,xgboost,delta,visitall-from-everywhere,test-extrapolation,domain_dependent,all_domains,219,0.0958904109589041,0.0958904109589041,0.0,0.0,0.0,0,0,1.0,Paired sign-flip on per-problem seed-mean solved outcomes,1.0,False,regime::graphbpe::xgboost::delta
regime::random::lstm::state,random,lstm,state,blocks,validation,domain_dependent,all_domains,3,0.0,0.0,0.0,0.0,0.0,0,0,1.0,Paired sign-flip on per-problem seed-mean solved outcomes,1.0,False,regime::random::lstm::state
regime::random::lstm::state,random,lstm,state,blocks,test-interpolation,domain_dependent,all_domains,3,0.0,0.0,0.0,0.0,0.0,0,0,1.0,Paired sign-flip on per-problem seed-mean solved outcomes,1.0,False,regime::random::lstm::state
regime::random::lstm::state,random,lstm,state,blocks,test-extrapolation,domain_dependent,all_domains,20,0.0,0.0,0.0,0.0,0.0,0,0,1.0,Paired sign-flip on per-problem seed-mean solved outcomes,1.0,False,regime::random::lstm::state
regime::random::lstm::state,random,lstm,state,gripper,validation,domain_dependent,all_domains,2,1.0,0.0,-1.0,-1.0,-1.0,2,0,0.49652517374131294,Paired sign-flip on per-problem seed-mean solved outcomes,1.0,False,regime::random::lstm::state
regime::random::lstm::state,random,lstm,state,gripper,test-interpolation,domain_dependent,all_domains,3,1.0,0.3333333333333333,-0.6666666666666666,-1.0,0.0,2,0,0.49072546372681364,Paired sign-flip on per-problem seed-mean solved outcomes,1.0,False,regime::random::lstm::state
regime::random::lstm::state,random,lstm,state,gripper,test-extrapolation,domain_dependent,all_domains,16,0.20833333333333331,0.0,-0.20833333333333331,-0.41666666666666663,-0.041666666666666664,4,0,0.128043597820109,Paired sign-flip on per-problem seed-mean solved outcomes,1.0,False,regime::random::lstm::state
regime::random::lstm::state,random,lstm,state,logistics,validation,domain_dependent,all_domains,4,0.0,0.0,0.0,0.0,0.0,0,0,1.0,Paired sign-flip on per-problem seed-mean solved outcomes,1.0,False,regime::random::lstm::state
regime::random::lstm::state,random,lstm,state,logistics,test-interpolation,domain_dependent,all_domains,9,0.29629629629629634,0.18518518518518517,-0.1111111111111111,-0.2592592592592593,0.03703703703703703,4,1,0.3715814209289536,Paired sign-flip on per-problem seed-mean solved outcomes,1.0,False,regime::random::lstm::state
regime::random::lstm::state,random,lstm,state,logistics,test-extrapolation,domain_dependent,all_domains,18,0.0,0.0,0.0,0.0,0.0,0,0,1.0,Paired sign-flip on per-problem seed-mean solved outcomes,1.0,False,regime::random::lstm::state
regime::random::lstm::state,random,lstm,state,visitall-from-everywhere,validation,domain_dependent,all_domains,24,0.5138888888888888,0.4583333333333333,-0.05555555555555556,-0.16666666666666666,0.041666666666666664,6,4,0.42472876356182193,Paired sign-flip on per-problem seed-mean solved outcomes,1.0,False,regime::random::lstm::state
regime::random::lstm::state,random,lstm,state,visitall-from-everywhere,test-interpolation,domain_dependent,all_domains,37,0.7837837837837837,0.7837837837837838,6.00120553851436e-18,-0.07207207207207209,0.08108108108108109,6,3,0.888005599720014,Paired sign-flip on per-problem seed-mean solved outcomes,1.0,False,regime::random::lstm::state
regime::random::lstm::state,random,lstm,state,visitall-from-everywhere,test-extrapolation,domain_dependent,all_domains,219,0.0487062404870624,0.045662100456621,-0.003044140030441402,-0.019786910197869104,0.0121765601217656,10,11,0.6278686065696715,Paired sign-flip on per-problem seed-mean solved outcomes,1.0,False,regime::random::lstm::state
regime::random::lstm::delta,random,lstm,delta,blocks,validation,domain_dependent,all_domains,3,0.0,0.0,0.0,0.0,0.0,0,0,1.0,Paired sign-flip on per-problem seed-mean solved outcomes,1.0,False,regime::random::lstm::delta
regime::random::lstm::delta,random,lstm,delta,blocks,test-interpolation,domain_dependent,all_domains,3,0.0,0.0,0.0,0.0,0.0,0,0,1.0,Paired sign-flip on per-problem seed-mean solved outcomes,1.0,False,regime::random::lstm::delta
regime::random::lstm::delta,random,lstm,delta,blocks,test-extrapolation,domain_dependent,all_domains,20,0.0,0.0,0.0,0.0,0.0,0,0,1.0,Paired sign-flip on per-problem seed-mean solved outcomes,1.0,False,regime::random::lstm::delta
regime::random::lstm::delta,random,lstm,delta,gripper,validation,domain_dependent,all_domains,2,0.6666666666666666,0.6666666666666666,0.0,0.0,0.0,0,0,1.0,Paired sign-flip on per-problem seed-mean solved outcomes,1.0,False,regime::random::lstm::delta
regime::random::lstm::delta,random,lstm,delta,gripper,test-interpolation,domain_dependent,all_domains,3,0.5555555555555555,0.4444444444444444,-0.11111111111111112,-0.3333333333333333,0.3333333333333333,2,1,0.7482625868706565,Paired sign-flip on per-problem seed-mean solved outcomes,1.0,False,regime::random::lstm::delta
regime::random::lstm::delta,random,lstm,delta,gripper,test-extrapolation,domain_dependent,all_domains,16,0.5208333333333333,0.35416666666666663,-0.16666666666666669,-0.375,0.02083333333333333,7,4,0.16054197290135494,Paired sign-flip on per-problem seed-mean solved outcomes,1.0,False,regime::random::lstm::delta
regime::random::lstm::delta,random,lstm,delta,logistics,validation,domain_dependent,all_domains,4,0.0,0.0,0.0,0.0,0.0,0,0,1.0,Paired sign-flip on per-problem seed-mean solved outcomes,1.0,False,regime::random::lstm::delta
regime::random::lstm::delta,random,lstm,delta,logistics,test-interpolation,domain_dependent,all_domains,9,0.037037037037037035,0.18518518518518517,0.14814814814814814,0.037037037037037035,0.2962962962962963,0,3,0.2503374831258437,Paired sign-flip on per-problem seed-mean solved outcomes,1.0,False,regime::random::lstm::delta
regime::random::lstm::delta,random,lstm,delta,logistics,test-extrapolation,domain_dependent,all_domains,18,0.0,0.0,0.0,0.0,0.0,0,0,1.0,Paired sign-flip on per-problem seed-mean solved outcomes,1.0,False,regime::random::lstm::delta
regime::random::lstm::delta,random,lstm,delta,visitall-from-everywhere,validation,domain_dependent,all_domains,24,0.4166666666666667,0.5138888888888888,0.09722222222222221,0.013888888888888893,0.19444444444444445,1,6,0.09159542022898855,Paired sign-flip on per-problem seed-mean solved outcomes,1.0,False,regime::random::lstm::delta
regime::random::lstm::delta,random,lstm,delta,visitall-from-everywhere,test-interpolation,domain_dependent,all_domains,37,0.6936936936936936,0.7027027027027027,0.009009009009009009,-0.018018018018018018,0.04504504504504504,1,2,1.0,Paired sign-flip on per-problem seed-mean solved outcomes,1.0,False,regime::random::lstm::delta
regime::random::lstm::delta,random,lstm,delta,visitall-from-everywhere,test-extrapolation,domain_dependent,all_domains,219,0.49162861491628623,0.16133942161339423,-0.3302891933028919,-0.365296803652968,-0.2952815829528158,155,3,4.999750012499375e-05,Paired sign-flip on per-problem seed-mean solved outcomes,0.000599970001499925,True,regime::random::lstm::delta
regime::random::xgboost::state,random,xgboost,state,blocks,validation,domain_dependent,all_domains,3,0.0,0.0,0.0,0.0,0.0,0,0,1.0,Paired sign-flip on per-problem seed-mean solved outcomes,1.0,False,regime::random::xgboost::state
regime::random::xgboost::state,random,xgboost,state,blocks,test-interpolation,domain_dependent,all_domains,3,0.0,0.0,0.0,0.0,0.0,0,0,1.0,Paired sign-flip on per-problem seed-mean solved outcomes,1.0,False,regime::random::xgboost::state
regime::random::xgboost::state,random,xgboost,state,blocks,test-extrapolation,domain_dependent,all_domains,20,0.0,0.0,0.0,0.0,0.0,0,0,1.0,Paired sign-flip on per-problem seed-mean solved outcomes,1.0,False,regime::random::xgboost::state
regime::random::xgboost::state,random,xgboost,state,gripper,validation,domain_dependent,all_domains,2,1.0,1.0,0.0,0.0,0.0,0,0,1.0,Paired sign-flip on per-problem seed-mean solved outcomes,1.0,False,regime::random::xgboost::state
regime::random::xgboost::state,random,xgboost,state,gripper,test-interpolation,domain_dependent,all_domains,3,1.0,0.6666666666666666,-0.3333333333333333,-1.0,0.0,1,0,1.0,Paired sign-flip on per-problem seed-mean solved outcomes,1.0,False,regime::random::xgboost::state
regime::random::xgboost::state,random,xgboost,state,gripper,test-extrapolation,domain_dependent,all_domains,16,1.0,0.875,-0.125,-0.3125,0.0,2,0,0.5050247487625619,Paired sign-flip on per-problem seed-mean solved outcomes,1.0,False,regime::random::xgboost::state
regime::random::xgboost::state,random,xgboost,state,logistics,validation,domain_dependent,all_domains,4,0.0,0.0,0.0,0.0,0.0,0,0,1.0,Paired sign-flip on per-problem seed-mean solved outcomes,1.0,False,regime::random::xgboost::state
regime::random::xgboost::state,random,xgboost,state,logistics,test-interpolation,domain_dependent,all_domains,9,0.1111111111111111,0.1111111111111111,0.0,-0.3333333333333333,0.3333333333333333,1,1,1.0,Paired sign-flip on per-problem seed-mean solved outcomes,1.0,False,regime::random::xgboost::state
regime::random::xgboost::state,random,xgboost,state,logistics,test-extrapolation,domain_dependent,all_domains,18,0.0,0.0,0.0,0.0,0.0,0,0,1.0,Paired sign-flip on per-problem seed-mean solved outcomes,1.0,False,regime::random::xgboost::state
regime::random::xgboost::state,random,xgboost,state,visitall-from-everywhere,validation,domain_dependent,all_domains,24,0.3333333333333333,0.75,0.4166666666666667,0.20833333333333334,0.625,0,10,0.0018999050047497626,Paired sign-flip on per-problem seed-mean solved outcomes,0.018999050047497627,True,regime::random::xgboost::state
regime::random::xgboost::state,random,xgboost,state,visitall-from-everywhere,test-interpolation,domain_dependent,all_domains,37,0.7027027027027027,1.0,0.2972972972972973,0.16216216216216217,0.4594594594594595,0,11,0.0009499525023748813,Paired sign-flip on per-problem seed-mean solved outcomes,0.010449477526123694,True,regime::random::xgboost::state
regime::random::xgboost::state,random,xgboost,state,visitall-from-everywhere,test-extrapolation,domain_dependent,all_domains,219,0.0091324200913242,0.8127853881278538,0.8036529680365296,0.7488584474885844,0.8538812785388128,0,176,4.999750012499375e-05,Paired sign-flip on per-problem seed-mean solved outcomes,0.000599970001499925,True,regime::random::xgboost::state
regime::random::xgboost::delta,random,xgboost,delta,blocks,validation,domain_dependent,all_domains,3,0.0,0.0,0.0,0.0,0.0,0,0,1.0,Paired sign-flip on per-problem seed-mean solved outcomes,1.0,False,regime::random::xgboost::delta
regime::random::xgboost::delta,random,xgboost,delta,blocks,test-interpolation,domain_dependent,all_domains,3,0.0,0.0,0.0,0.0,0.0,0,0,1.0,Paired sign-flip on per-problem seed-mean solved outcomes,1.0,False,regime::random::xgboost::delta
regime::random::xgboost::delta,random,xgboost,delta,blocks,test-extrapolation,domain_dependent,all_domains,20,0.0,0.0,0.0,0.0,0.0,0,0,1.0,Paired sign-flip on per-problem seed-mean solved outcomes,1.0,False,regime::random::xgboost::delta
regime::random::xgboost::delta,random,xgboost,delta,gripper,validation,domain_dependent,all_domains,2,0.5,0.0,-0.5,-1.0,0.0,1,0,1.0,Paired sign-flip on per-problem seed-mean solved outcomes,1.0,False,regime::random::xgboost::delta
regime::random::xgboost::delta,random,xgboost,delta,gripper,test-interpolation,domain_dependent,all_domains,3,1.0,0.3333333333333333,-0.6666666666666666,-1.0,0.0,2,0,0.5017249137543123,Paired sign-flip on per-problem seed-mean solved outcomes,1.0,False,regime::random::xgboost::delta
regime::random::xgboost::delta,random,xgboost,delta,gripper,test-extrapolation,domain_dependent,all_domains,16,0.0,0.0,0.0,0.0,0.0,0,0,1.0,Paired sign-flip on per-problem seed-mean solved outcomes,1.0,False,regime::random::xgboost::delta
regime::random::xgboost::delta,random,xgboost,delta,logistics,validation,domain_dependent,all_domains,4,0.0,0.0,0.0,0.0,0.0,0,0,1.0,Paired sign-flip on per-problem seed-mean solved outcomes,1.0,False,regime::random::xgboost::delta
regime::random::xgboost::delta,random,xgboost,delta,logistics,test-interpolation,domain_dependent,all_domains,9,0.0,0.0,0.0,0.0,0.0,0,0,1.0,Paired sign-flip on per-problem seed-mean solved outcomes,1.0,False,regime::random::xgboost::delta
regime::random::xgboost::delta,random,xgboost,delta,logistics,test-extrapolation,domain_dependent,all_domains,18,0.0,0.0,0.0,0.0,0.0,0,0,1.0,Paired sign-flip on per-problem seed-mean solved outcomes,1.0,False,regime::random::xgboost::delta
regime::random::xgboost::delta,random,xgboost,delta,visitall-from-everywhere,validation,domain_dependent,all_domains,24,1.0,0.75,-0.25,-0.4166666666666667,-0.08333333333333333,6,0,0.029348532573371333,Paired sign-flip on per-problem seed-mean solved outcomes,0.29348532573371333,False,regime::random::xgboost::delta
regime::random::xgboost::delta,random,xgboost,delta,visitall-from-everywhere,test-interpolation,domain_dependent,all_domains,37,1.0,0.7567567567567568,-0.24324324324324326,-0.3783783783783784,-0.10810810810810811,9,0,0.00359982000899955,Paired sign-flip on per-problem seed-mean solved outcomes,0.039598020098995046,True,regime::random::xgboost::delta
regime::random::xgboost::delta,random,xgboost,delta,visitall-from-everywhere,test-extrapolation,domain_dependent,all_domains,219,1.0,0.776255707762557,-0.2237442922374429,-0.2785388127853881,-0.1689497716894977,49,0,4.999750012499375e-05,Paired sign-flip on per-problem seed-mean solved outcomes,0.000599970001499925,True,regime::random::xgboost::delta
